511.5,-15.0
511.5,-14.0
511.5,-13.0
511.5,-12.0
511.5,-11.0
511.5,-10.0
511.5,-9.0
510.5,-8.0
511.5,-7.0
511.5,-6.0
511.5,-5.0
511.5,-4.0
511.5,-3.0
511.5,-2.0
511.5,-1.0
511.5,0.0
511.5,1.0
511.5,2.0
511.5,3.0
511.5,4.0
511.5,5.0
511.5,6.0
511.5,7.0
511.5,8.0
511.5,9.0
511.5,10.0
511.5,11.0
511.5,12.0
511.5,13.0
511.5,14.0
511.5,15.0
511.5,16.0
511.5,17.0
511.5,18.0
511.5,19.0
511.5,20.0
511.5,21.0
511.5,22.0
511.5,23.0
511.5,24.0
511.5,25.0
511.5,26.0
511.5,27.0
511.5,28.0
511.5,29.0
511.5,30.0
511.5,31.0
511.5,32.0
511.5,33.0
511.5,34.0
511.5,35.0
511.5,36.0
511.5,37.0
511.5,38.0
511.5,39.0
511.5,40.0
511.5,41.0
511.5,42.0
511.5,43.0
511.5,44.0
511.5,45.0
511.5,46.0
511.5,47.0
511.5,48.0
511.5,49.0
511.5,50.0
511.5,51.0
511.5,52.0
511.5,53.0
511.5,54.0
511.5,55.0
511.5,56.0
511.5,57.0
511.5,58.0
511.5,59.0
511.5,60.0
511.5,61.0
511.5,62.0
511.5,63.0
511.5,64.0
511.5,65.0
511.5,66.0
511.5,67.0
511.5,68.0
511.5,69.0
511.5,70.0
511.5,71.0
511.5,72.0
511.5,73.0
511.5,74.0
511.5,75.0
511.5,76.0
511.5,77.0
511.5,78.0
511.5,79.0
511.5,80.0
511.5,81.0
511.5,82.0
511.5,83.0
511.5,84.0
511.5,85.0
511.5,86.0
511.5,87.0
511.5,88.0
511.5,89.0
511.5,90.0
511.5,91.0
511.5,92.0
511.5,93.0
511.5,94.0
511.5,95.0
511.5,96.0
511.5,97.0
511.5,98.0
511.5,99.0
511.5,100.0
511.5,101.0
511.5,102.0
511.5,103.0
511.5,104.0
511.5,105.0
511.5,106.0
511.5,107.0
511.5,108.0
511.5,109.0
511.5,110.0
511.5,111.0
511.5,112.0
511.5,113.0
511.5,114.0
511.5,115.0
511.5,116.0
511.5,117.0
511.5,118.0
511.5,119.0
511.5,120.0
511.5,121.0
511.5,122.0
511.5,123.0
511.5,124.0
511.5,125.0
511.5,126.0
511.5,127.0
511.5,128.0
511.5,129.0
511.5,130.0
511.5,131.0
511.5,132.0
511.5,133.0
511.5,134.0
511.5,135.0
511.5,136.0
511.5,137.0
511.5,138.0
511.5,139.0
511.5,140.0
511.5,141.0
511.5,142.0
511.5,143.0
511.5,144.0
511.5,145.0
511.5,146.0
511.5,147.0
511.5,148.0
511.5,149.0
511.5,150.0
511.5,151.0
511.5,152.0
511.5,153.0
511.5,154.0
511.5,155.0
511.5,156.0
511.5,157.0
511.5,158.0
511.5,159.0
511.5,160.0
511.5,161.0
511.5,162.0
511.5,163.0
511.5,164.0
511.5,165.0
511.5,166.0
511.5,167.0
511.5,168.0
511.5,169.0
511.5,170.0
511.5,171.0
511.5,172.0
511.5,173.0
511.5,174.0
511.5,175.0
511.5,176.0
511.5,177.0
511.5,178.0
511.5,179.0
511.5,180.0
511.5,181.0
511.5,182.0
511.5,183.0
511.5,184.0
511.5,185.0
511.5,186.0
511.5,187.0
511.5,188.0
511.5,189.0
511.5,190.0
511.5,191.0
511.5,192.0
511.5,193.0
511.5,194.0
511.5,195.0
511.5,196.0
511.5,197.0
511.5,198.0
511.5,199.0
511.5,200.0
511.5,201.0
511.5,202.0
511.5,203.0
511.5,204.0
511.5,205.0
511.5,206.0
511.5,207.0
511.5,208.0
511.5,209.0
511.5,210.0
511.5,211.0
511.5,212.0
510.5,212.0
509.5,212.0
508.5,212.0
507.5,212.0
506.5,212.0
505.5,212.0
504.5,212.0
503.5,212.0
502.5,212.0
501.5,212.0
500.5,212.0
499.5,212.0
498.5,212.0
497.5,212.0
496.5,212.0
495.5,212.0
494.5,212.0
493.5,212.0
492.5,212.0
491.5,212.0
490.5,212.0
489.5,212.0
488.5,212.0
487.5,212.0
486.5,212.0
485.5,212.0
484.5,212.0
483.5,212.0
482.5,212.0
481.5,212.0
480.5,212.0
479.5,212.0
478.5,212.0
477.5,212.0
476.5,212.0
475.5,212.0
474.5,212.0
473.5,212.0
472.5,212.0
471.5,212.0
470.5,212.0
469.5,212.0
468.5,212.0
467.5,212.0
466.5,212.0
465.5,212.0
464.5,212.0
463.5,212.0
462.5,212.0
461.5,212.0
460.5,212.0
459.5,212.0
458.5,212.0
457.5,212.0
456.5,212.0
455.5,212.0
454.5,212.0
453.5,212.0
452.5,212.0
451.5,212.0
450.5,212.0
449.5,212.0
448.5,212.0
447.5,212.0
446.5,212.0
445.5,212.0
444.5,212.0
443.5,212.0
442.5,212.0
441.5,212.0
440.5,212.0
439.5,212.0
438.5,212.0
437.5,212.0
436.5,212.0
435.5,212.0
434.5,212.0
433.5,212.0
432.5,212.0
431.5,212.0
430.5,212.0
429.5,212.0
428.5,212.0
427.5,212.0
426.5,212.0
425.5,212.0
425.5,211.0
425.5,210.0
425.5,209.0
425.5,208.0
425.5,207.0
425.5,206.0
425.5,205.0
425.5,204.0
425.5,203.0
425.5,202.0
425.5,201.0
425.5,200.0
425.5,199.0
425.5,198.0
425.5,197.0
425.5,196.0
425.5,195.0
425.5,194.0
425.5,193.0
425.5,192.0
425.5,191.0
425.5,190.0
424.5,189.0
423.5,190.0
422.5,191.0
421.5,192.0
420.5,192.0
419.5,193.0
419.5,194.0
418.5,194.0
417.5,194.0
416.5,195.0
416.5,196.0
415.5,197.0
414.5,197.0
413.5,198.0
412.5,199.0
411.5,200.0
410.5,200.0
409.5,200.0
408.5,201.0
408.5,202.0
407.5,202.0
406.5,202.0
405.5,203.0
405.5,204.0
404.5,204.0
403.5,205.0
402.5,205.0
401.5,206.0
400.5,207.0
399.5,206.0
398.5,207.0
398.5,208.0
397.5,207.0
396.5,208.0
396.5,209.0
395.5,209.0
394.5,209.0
393.5,210.0
392.5,209.0
391.5,210.0
391.5,211.0
390.5,211.0
389.5,211.0
388.5,212.0
387.5,211.0
386.5,212.0
385.5,212.0
384.5,212.0
383.5,213.0
382.5,213.0
381.5,214.0
380.5,214.0
379.5,214.0
378.5,214.0
377.5,215.0
376.5,215.0
375.5,215.0
374.5,215.0
373.5,215.0
372.5,215.0
371.5,215.0
370.5,216.0
369.5,215.0
368.5,216.0
367.5,216.0
366.5,216.0
365.5,216.0
364.5,216.0
363.5,216.0
362.5,216.0
361.5,217.0
360.5,216.0
359.5,217.0
358.5,216.0
357.5,217.0
356.5,217.0
355.5,217.0
354.5,217.0
353.5,217.0
352.5,217.0
351.5,217.0
350.5,217.0
349.5,217.0
348.5,217.0
347.5,217.0
346.5,217.0
345.5,217.0
344.5,216.0
343.5,217.0
342.5,217.0
341.5,217.0
340.5,216.0
339.5,216.0
338.5,216.0
337.5,216.0
336.5,216.0
335.5,216.0
334.5,216.0
333.5,215.0
332.5,215.0
331.5,215.0
330.5,215.0
329.5,215.0
328.5,215.0
327.5,214.0
326.5,214.0
325.5,214.0
324.5,214.0
323.5,213.0
322.5,213.0
321.5,213.0
320.5,212.0
319.5,212.0
318.5,212.0
317.5,211.0
316.5,211.0
315.5,211.0
314.5,211.0
313.5,211.0
313.5,210.0
312.5,209.0
311.5,210.0
310.5,209.0
309.5,208.0
308.5,208.0
307.5,208.0
306.5,207.0
305.5,206.0
304.5,207.0
303.5,206.0
302.5,205.0
301.5,205.0
300.5,204.0
299.5,204.0
298.5,203.0
297.5,202.0
296.5,202.0
296.5,201.0
295.5,200.0
294.5,200.0
293.5,199.0
292.5,198.0
291.5,198.0
290.5,197.0
289.5,196.0
288.5,196.0
288.5,195.0
287.5,194.0
286.5,194.0
286.5,193.0
285.5,192.0
285.5,192.0
284.5,192.0
284.5,191.0
283.5,190.0
282.5,189.0
282.5,188.0
281.5,187.0
280.5,187.0
280.5,186.0
279.5,185.0
278.5,184.0
277.5,183.0
278.5,182.0
277.5,181.0
277.5,180.0
276.5,179.0
275.5,179.0
274.5,178.0
274.5,177.0
274.5,176.0
273.5,175.0
273.5,174.0
273.5,173.0
272.5,172.0
272.5,171.0
271.5,170.0
271.5,169.0
270.5,168.0
270.5,167.0
270.5,166.0
269.5,165.0
269.5,164.0
269.5,163.0
268.5,162.0
268.5,161.0
268.5,160.0
268.5,159.0
267.5,158.0
268.5,157.0
267.5,156.0
267.5,155.0
268.5,154.0
267.5,153.0
266.5,152.0
266.5,151.0
267.5,150.0
266.5,149.0
266.5,148.0
266.5,147.0
266.5,146.0
266.5,145.0
267.5,144.0
266.5,143.0
266.5,142.0
267.5,141.0
266.5,140.0
266.5,139.0
266.5,138.0
267.5,137.0
266.5,136.0
266.5,135.0
267.5,134.0
267.5,133.0
267.5,132.0
267.5,131.0
267.5,130.0
267.5,129.0
268.5,128.0
268.5,127.0
268.5,126.0
269.5,125.0
268.5,124.0
269.5,123.0
269.5,122.0
269.5,121.0
270.5,120.0
270.5,119.0
270.5,118.0
270.5,117.0
271.5,116.0
272.5,115.0
272.5,114.0
273.5,113.0
273.5,112.0
273.5,111.0
274.5,110.0
274.5,109.0
275.5,108.0
275.5,107.0
276.5,106.0
277.5,106.0
278.5,105.0
278.5,104.0
278.5,103.0
279.5,102.0
279.5,101.0
280.5,100.0
281.5,99.0
282.5,98.0
282.5,97.0
283.5,96.0
284.5,95.0
285.5,94.0
286.5,93.0
286.5,92.0
287.5,92.0
288.5,91.0
288.5,90.0
289.5,89.0
290.5,88.0
291.5,88.0
292.5,88.0
293.5,87.0
293.5,86.0
294.5,86.0
295.5,85.0
295.5,84.0
296.5,83.0
297.5,82.0
298.5,81.0
299.5,81.0
300.5,81.0
301.5,80.0
302.5,79.0
302.5,78.0
303.5,78.0
304.5,77.0
305.5,76.0
306.5,76.0
307.5,76.0
308.5,75.0
308.5,74.0
309.5,75.0
310.5,74.0
311.5,73.0
311.5,72.0
312.5,72.0
313.5,71.0
314.5,71.0
315.5,70.0
316.5,69.0
317.5,69.0
318.5,69.0
319.5,69.0
372.5,94.0
372.5,95.0
371.5,96.0
370.5,96.0
369.5,97.0
369.5,98.0
368.5,98.0
367.5,99.0
367.5,100.0
366.5,100.0
365.5,101.0
365.5,102.0
364.5,103.0
363.5,103.0
362.5,104.0
362.5,105.0
362.5,106.0
361.5,107.0
360.5,108.0
359.5,109.0
359.5,110.0
358.5,111.0
357.5,112.0
357.5,113.0
356.5,114.0
355.5,115.0
355.5,116.0
355.5,117.0
354.5,118.0
353.5,119.0
354.5,120.0
354.5,121.0
353.5,122.0
353.5,123.0
353.5,124.0
353.5,125.0
353.5,126.0
352.5,127.0
353.5,128.0
352.5,129.0
353.5,130.0
353.5,131.0
352.5,132.0
353.5,133.0
353.5,134.0
352.5,135.0
353.5,136.0
352.5,137.0
353.5,138.0
353.5,139.0
354.5,140.0
354.5,141.0
353.5,142.0
354.5,143.0
355.5,144.0
355.5,145.0
355.5,146.0
356.5,147.0
355.5,148.0
356.5,149.0
357.5,150.0
357.5,151.0
357.5,152.0
357.5,153.0
358.5,154.0
359.5,155.0
360.5,156.0
361.5,157.0
361.5,158.0
361.5,159.0
362.5,160.0
363.5,160.0
364.5,161.0
364.5,162.0
365.5,163.0
366.5,163.0
367.5,164.0
367.5,165.0
368.5,166.0
369.5,167.0
370.5,166.0
371.5,167.0
372.5,168.0
373.5,168.0
374.5,168.0
375.5,169.0
376.5,169.0
377.5,169.0
378.5,169.0
379.5,169.0
380.5,169.0
381.5,169.0
382.5,169.0
383.5,169.0
384.5,168.0
385.5,168.0
386.5,168.0
387.5,168.0
388.5,168.0
389.5,167.0
390.5,167.0
391.5,167.0
392.5,166.0
393.5,166.0
394.5,165.0
395.5,165.0
396.5,165.0
397.5,164.0
398.5,163.0
399.5,163.0
400.5,163.0
401.5,162.0
401.5,161.0
402.5,161.0
403.5,160.0
404.5,159.0
405.5,159.0
406.5,158.0
407.5,158.0
408.5,158.0
409.5,157.0
410.5,156.0
411.5,156.0
412.5,155.0
413.5,154.0
414.5,154.0
415.5,153.0
416.5,152.0
416.5,151.0
417.5,152.0
418.5,151.0
418.5,150.0
419.5,150.0
420.5,149.0
421.5,148.0
422.5,147.0
423.5,147.0
424.5,146.0
424.5,145.0
424.5,144.0
424.5,143.0
425.5,142.0
425.5,141.0
425.5,140.0
424.5,139.0
424.5,138.0
424.5,137.0
424.5,136.0
424.5,135.0
424.5,134.0
424.5,133.0
425.5,132.0
425.5,131.0
425.5,130.0
424.5,129.0
424.5,128.0
424.5,127.0
424.5,126.0
424.5,125.0
425.5,124.0
425.5,123.0
425.5,122.0
425.5,121.0
424.5,120.0
424.5,119.0
424.5,118.0
424.5,117.0
424.5,116.0
424.5,115.0
425.5,114.0
425.5,113.0
425.5,112.0
425.5,111.0
424.5,110.0
424.5,109.0
424.5,108.0
424.5,107.0
424.5,106.0
424.5,105.0
425.5,104.0
425.5,103.0
425.5,102.0
424.5,101.0
424.5,100.0
424.5,99.0
424.5,98.0
424.5,97.0
424.5,96.0
425.5,95.0
425.5,94.0
425.5,93.0
425.5,92.0
424.5,91.0
424.5,90.0
424.5,89.0
424.5,88.0
424.5,87.0
424.5,86.0
425.5,85.0
425.5,84.0
425.5,83.0
425.5,82.0
425.5,81.0
425.5,80.0
425.5,79.0
425.5,78.0
425.5,77.0
425.5,76.0
425.5,75.0
425.5,74.0
425.5,73.0
425.5,72.0
425.5,71.0
425.5,70.0
425.5,69.0
425.5,68.0
425.5,67.0
425.5,66.0
425.5,65.0
424.5,64.0
423.5,64.0
422.5,64.0
421.5,65.0
420.5,65.0
419.5,65.0
418.5,66.0
417.5,67.0
416.5,67.0
415.5,68.0
414.5,68.0
413.5,68.0
412.5,69.0
411.5,69.0
410.5,70.0
409.5,71.0
408.5,71.0
407.5,72.0
406.5,72.0
405.5,72.0
404.5,73.0
403.5,73.0
402.5,74.0
401.5,75.0
400.5,76.0
399.5,76.0
398.5,76.0
397.5,77.0
396.5,78.0
395.5,78.0
394.5,79.0
393.5,80.0
392.5,80.0
391.5,80.0
390.5,81.0
389.5,81.0
388.5,82.0
387.5,83.0
386.5,84.0
385.5,85.0
384.5,85.0
383.5,86.0
382.5,86.0
381.5,87.0
381.5,88.0
380.5,88.0
379.5,89.0
378.5,90.0
377.5,91.0
376.5,90.0
375.5,91.0
376.5,92.0
375.5,92.0
374.5,93.0
373.5,93.0
320.5,68.0
320.5,67.0
321.5,66.0
322.5,66.0
323.5,65.0
324.5,66.0
325.5,65.0
326.5,64.0
327.5,63.0
328.5,64.0
329.5,63.0
330.5,62.0
331.5,62.0
332.5,62.0
333.5,61.0
334.5,61.0
335.5,60.0
335.5,59.0
336.5,59.0
337.5,59.0
338.5,58.0
339.5,58.0
340.5,57.0
341.5,57.0
342.5,57.0
343.5,56.0
344.5,55.0
345.5,55.0
346.5,55.0
347.5,55.0
348.5,54.0
349.5,54.0
350.5,54.0
351.5,53.0
352.5,52.0
353.5,52.0
354.5,52.0
355.5,51.0
356.5,51.0
357.5,50.0
358.5,50.0
359.5,50.0
360.5,49.0
361.5,49.0
362.5,48.0
363.5,48.0
364.5,48.0
365.5,47.0
366.5,47.0
367.5,47.0
368.5,47.0
369.5,46.0
370.5,46.0
371.5,46.0
372.5,46.0
373.5,45.0
373.5,44.0
374.5,44.0
375.5,44.0
376.5,43.0
377.5,43.0
378.5,43.0
379.5,43.0
380.5,43.0
381.5,42.0
382.5,41.0
383.5,41.0
384.5,41.0
385.5,40.0
386.5,40.0
387.5,40.0
388.5,40.0
389.5,39.0
390.5,39.0
391.5,39.0
392.5,38.0
393.5,38.0
394.5,38.0
395.5,37.0
396.5,37.0
397.5,37.0
398.5,37.0
399.5,36.0
400.5,36.0
401.5,36.0
402.5,35.0
403.5,35.0
404.5,35.0
405.5,34.0
406.5,34.0
407.5,34.0
408.5,34.0
409.5,33.0
410.5,33.0
411.5,33.0
412.5,32.0
413.5,31.0
414.5,32.0
415.5,31.0
416.5,31.0
417.5,31.0
418.5,30.0
419.5,30.0
420.5,30.0
421.5,29.0
422.5,29.0
423.5,29.0
424.5,29.0
425.5,28.0
425.5,27.0
425.5,26.0
425.5,25.0
425.5,24.0
425.5,23.0
425.5,22.0
425.5,21.0
425.5,20.0
425.5,19.0
425.5,18.0
425.5,17.0
425.5,16.0
425.5,15.0
425.5,14.0
425.5,13.0
425.5,12.0
425.5,11.0
425.5,10.0
425.5,9.0
425.5,8.0
425.5,7.0
425.5,6.0
425.5,5.0
425.5,4.0
425.5,3.0
425.5,2.0
425.5,1.0
425.5,0.0
425.5,-1.0
425.5,-2.0
425.5,-3.0
425.5,-4.0
425.5,-5.0
425.5,-6.0
425.5,-7.0
425.5,-8.0
424.5,-9.0
424.5,-10.0
424.5,-11.0
424.5,-12.0
424.5,-13.0
424.5,-14.0
423.5,-15.0
423.5,-16.0
424.5,-17.0
423.5,-18.0
423.5,-19.0
423.5,-20.0
422.5,-21.0
422.5,-22.0
422.5,-23.0
421.5,-24.0
421.5,-25.0
421.5,-26.0
420.5,-27.0
420.5,-28.0
420.5,-29.0
419.5,-30.0
419.5,-31.0
419.5,-32.0
418.5,-33.0
417.5,-34.0
417.5,-35.0
416.5,-36.0
415.5,-37.0
414.5,-38.0
414.5,-39.0
413.5,-40.0
412.5,-40.0
412.5,-41.0
411.5,-42.0
410.5,-42.0
409.5,-43.0
408.5,-44.0
407.5,-45.0
406.5,-46.0
405.5,-46.0
404.5,-47.0
403.5,-47.0
402.5,-47.0
401.5,-47.0
400.5,-48.0
399.5,-48.0
398.5,-49.0
397.5,-49.0
396.5,-49.0
395.5,-49.0
394.5,-50.0
393.5,-49.0
392.5,-50.0
391.5,-50.0
390.5,-50.0
389.5,-50.0
388.5,-50.0
387.5,-50.0
386.5,-50.0
385.5,-50.0
384.5,-50.0
383.5,-50.0
382.5,-50.0
381.5,-50.0
380.5,-50.0
379.5,-49.0
378.5,-50.0
377.5,-49.0
376.5,-49.0
375.5,-49.0
374.5,-49.0
373.5,-49.0
372.5,-48.0
371.5,-48.0
370.5,-47.0
369.5,-47.0
368.5,-47.0
367.5,-46.0
366.5,-46.0
365.5,-45.0
364.5,-45.0
363.5,-44.0
362.5,-43.0
361.5,-42.0
360.5,-41.0
359.5,-40.0
358.5,-39.0
357.5,-38.0
356.5,-37.0
355.5,-36.0
355.5,-35.0
354.5,-34.0
353.5,-33.0
353.5,-32.0
352.5,-31.0
352.5,-30.0
352.5,-29.0
351.5,-28.0
351.5,-27.0
351.5,-26.0
351.5,-25.0
350.5,-24.0
350.5,-23.0
350.5,-22.0
349.5,-21.0
350.5,-20.0
350.5,-19.0
350.5,-18.0
349.5,-17.0
350.5,-16.0
350.5,-15.0
349.5,-14.0
350.5,-13.0
350.5,-12.0
349.5,-11.0
350.5,-10.0
350.5,-9.0
350.5,-8.0
349.5,-7.0
349.5,-6.0
349.5,-5.0
349.5,-4.0
349.5,-3.0
349.5,-2.0
348.5,-2.0
347.5,-1.0
348.5,-0.0
348.5,1.0
348.5,2.0
347.5,2.0
346.5,3.0
347.5,4.0
347.5,5.0
346.5,6.0
346.5,7.0
345.5,8.0
345.5,9.0
344.5,10.0
344.5,11.0
343.5,12.0
342.5,13.0
342.5,14.0
341.5,14.0
340.5,15.0
340.5,16.0
339.5,17.0
338.5,17.0
337.5,18.0
336.5,19.0
335.5,20.0
334.5,20.0
333.5,20.0
332.5,21.0
331.5,21.0
330.5,21.0
329.5,22.0
328.5,23.0
327.5,23.0
326.5,23.0
325.5,23.0
324.5,24.0
323.5,24.0
322.5,24.0
321.5,24.0
320.5,25.0
319.5,25.0
318.5,25.0
317.5,25.0
316.5,25.0
315.5,25.0
314.5,25.0
313.5,25.0
312.5,25.0
311.5,25.0
310.5,25.0
309.5,25.0
308.5,25.0
307.5,25.0
306.5,24.0
305.5,24.0
304.5,24.0
303.5,24.0
302.5,25.0
301.5,25.0
300.5,24.0
299.5,24.0
298.5,24.0
297.5,23.0
296.5,23.0
295.5,23.0
294.5,22.0
293.5,22.0
292.5,22.0
291.5,22.0
290.5,21.0
289.5,21.0
288.5,20.0
287.5,20.0
286.5,19.0
285.5,18.0
284.5,17.0
283.5,16.0
282.5,16.0
281.5,15.0
280.5,14.0
279.5,13.0
279.5,12.0
278.5,11.0
277.5,10.0
276.5,9.0
276.5,8.0
275.5,7.0
274.5,6.0
273.5,5.0
273.5,4.0
272.5,3.0
272.5,2.0
272.5,1.0
272.5,0.0
271.5,-1.0
271.5,-2.0
271.5,-3.0
270.5,-4.0
270.5,-5.0
270.5,-6.0
270.5,-7.0
270.5,-8.0
270.5,-9.0
270.5,-10.0
270.5,-11.0
270.5,-12.0
270.5,-13.0
270.5,-14.0
270.5,-15.0
270.5,-16.0
271.5,-17.0
270.5,-18.0
270.5,-19.0
271.5,-20.0
271.5,-21.0
271.5,-22.0
272.5,-23.0
272.5,-24.0
272.5,-25.0
272.5,-26.0
273.5,-27.0
274.5,-28.0
274.5,-29.0
274.5,-30.0
244.5,-30.0
244.5,-29.0
244.5,-28.0
244.5,-27.0
244.5,-26.0
244.5,-25.0
244.5,-24.0
244.5,-23.0
244.5,-22.0
244.5,-21.0
244.5,-20.0
244.5,-19.0
244.5,-18.0
244.5,-17.0
244.5,-16.0
244.5,-15.0
244.5,-14.0
244.5,-13.0
244.5,-12.0
244.5,-11.0
244.5,-10.0
244.5,-9.0
244.5,-8.0
244.5,-7.0
244.5,-6.0
244.5,-5.0
244.5,-4.0
244.5,-3.0
244.5,-2.0
244.5,-1.0
244.5,0.0
244.5,1.0
244.5,2.0
244.5,3.0
244.5,4.0
244.5,5.0
244.5,6.0
244.5,7.0
244.5,8.0
244.5,9.0
244.5,10.0
244.5,11.0
244.5,12.0
244.5,13.0
244.5,14.0
244.5,15.0
244.5,16.0
244.5,17.0
244.5,18.0
244.5,19.0
244.5,20.0
244.5,21.0
244.5,22.0
244.5,23.0
244.5,24.0
244.5,25.0
244.5,26.0
244.5,27.0
244.5,28.0
244.5,29.0
244.5,30.0
244.5,31.0
244.5,32.0
244.5,33.0
244.5,34.0
244.5,35.0
244.5,36.0
244.5,37.0
244.5,38.0
244.5,39.0
244.5,40.0
244.5,41.0
244.5,42.0
244.5,43.0
244.5,44.0
244.5,45.0
244.5,46.0
244.5,47.0
244.5,48.0
244.5,49.0
244.5,50.0
244.5,51.0
244.5,52.0
244.5,53.0
244.5,54.0
244.5,55.0
244.5,56.0
244.5,57.0
244.5,58.0
244.5,59.0
244.5,60.0
244.5,61.0
244.5,62.0
244.5,63.0
244.5,64.0
244.5,65.0
244.5,66.0
244.5,67.0
244.5,68.0
244.5,69.0
244.5,70.0
244.5,71.0
244.5,72.0
244.5,73.0
244.5,74.0
244.5,75.0
244.5,76.0
244.5,77.0
244.5,78.0
244.5,79.0
244.5,80.0
244.5,81.0
244.5,82.0
244.5,83.0
244.5,84.0
244.5,85.0
244.5,86.0
244.5,87.0
244.5,88.0
244.5,89.0
244.5,90.0
244.5,91.0
244.5,92.0
244.5,93.0
244.5,94.0
244.5,95.0
244.5,96.0
244.5,97.0
244.5,98.0
244.5,99.0
244.5,100.0
244.5,101.0
244.5,102.0
244.5,103.0
244.5,104.0
244.5,105.0
244.5,106.0
244.5,107.0
244.5,108.0
244.5,109.0
244.5,110.0
244.5,111.0
244.5,112.0
244.5,113.0
244.5,114.0
244.5,115.0
244.5,116.0
244.5,117.0
244.5,118.0
244.5,119.0
244.5,120.0
244.5,121.0
244.5,122.0
244.5,123.0
244.5,124.0
244.5,125.0
244.5,126.0
244.5,127.0
244.5,128.0
244.5,129.0
244.5,130.0
244.5,131.0
244.5,132.0
244.5,133.0
244.5,134.0
244.5,135.0
244.5,136.0
244.5,137.0
244.5,138.0
244.5,139.0
244.5,140.0
244.5,141.0
244.5,142.0
244.5,143.0
244.5,144.0
244.5,145.0
244.5,146.0
244.5,147.0
244.5,148.0
244.5,149.0
244.5,150.0
244.5,151.0
244.5,152.0
244.5,153.0
244.5,154.0
244.5,155.0
244.5,156.0
244.5,157.0
244.5,158.0
244.5,159.0
244.5,160.0
244.5,161.0
244.5,162.0
244.5,163.0
244.5,164.0
244.5,165.0
244.5,166.0
244.5,167.0
244.5,168.0
244.5,169.0
244.5,170.0
244.5,171.0
244.5,172.0
244.5,173.0
244.5,174.0
244.5,175.0
244.5,176.0
244.5,177.0
244.5,178.0
244.5,179.0
244.5,180.0
244.5,181.0
244.5,182.0
244.5,183.0
244.5,184.0
244.5,185.0
244.5,186.0
244.5,187.0
244.5,188.0
244.5,189.0
244.5,190.0
244.5,191.0
244.5,192.0
244.5,193.0
244.5,194.0
244.5,195.0
244.5,196.0
244.5,197.0
244.5,198.0
244.5,199.0
244.5,200.0
244.5,201.0
244.5,202.0
244.5,203.0
244.5,204.0
244.5,205.0
244.5,206.0
244.5,207.0
244.5,208.0
244.5,209.0
244.5,210.0
244.5,211.0
244.5,212.0
243.5,212.0
242.5,212.0
241.5,212.0
240.5,212.0
239.5,212.0
238.5,212.0
237.5,212.0
236.5,212.0
235.5,212.0
234.5,212.0
233.5,212.0
232.5,212.0
231.5,212.0
230.5,212.0
229.5,212.0
228.5,212.0
227.5,212.0
226.5,212.0
225.5,212.0
224.5,212.0
223.5,212.0
222.5,212.0
221.5,212.0
220.5,212.0
219.5,212.0
218.5,212.0
217.5,212.0
216.5,212.0
215.5,212.0
214.5,212.0
213.5,212.0
212.5,212.0
211.5,212.0
210.5,212.0
209.5,212.0
208.5,212.0
207.5,212.0
206.5,212.0
205.5,212.0
204.5,212.0
203.5,212.0
202.5,212.0
201.5,212.0
200.5,212.0
199.5,212.0
198.5,212.0
197.5,212.0
196.5,212.0
195.5,212.0
194.5,212.0
193.5,212.0
192.5,212.0
191.5,212.0
190.5,212.0
189.5,212.0
188.5,212.0
187.5,212.0
186.5,212.0
185.5,212.0
184.5,212.0
183.5,212.0
182.5,212.0
181.5,212.0
180.5,212.0
179.5,212.0
178.5,212.0
177.5,212.0
176.5,212.0
175.5,212.0
174.5,212.0
173.5,212.0
172.5,212.0
171.5,212.0
170.5,212.0
169.5,212.0
168.5,212.0
167.5,212.0
166.5,212.0
165.5,212.0
164.5,212.0
163.5,212.0
162.5,212.0
161.5,212.0
160.5,212.0
159.5,212.0
158.5,212.0
157.5,212.0
158.5,211.0
158.5,210.0
158.5,209.0
158.5,208.0
158.5,207.0
158.5,206.0
158.5,205.0
158.5,204.0
158.5,203.0
158.5,202.0
158.5,201.0
158.5,200.0
158.5,199.0
158.5,198.0
158.5,197.0
158.5,196.0
158.5,195.0
158.5,194.0
158.5,193.0
158.5,192.0
158.5,191.0
158.5,190.0
158.5,189.0
158.5,188.0
158.5,187.0
158.5,186.0
158.5,185.0
158.5,184.0
158.5,183.0
158.5,182.0
158.5,181.0
158.5,180.0
158.5,179.0
158.5,178.0
158.5,177.0
158.5,176.0
158.5,175.0
158.5,174.0
158.5,173.0
158.5,172.0
158.5,171.0
158.5,170.0
158.5,169.0
158.5,168.0
158.5,167.0
158.5,166.0
158.5,165.0
158.5,164.0
158.5,163.0
158.5,162.0
158.5,161.0
158.5,160.0
158.5,159.0
158.5,158.0
158.5,157.0
158.5,156.0
158.5,155.0
158.5,154.0
158.5,153.0
158.5,152.0
158.5,151.0
158.5,150.0
158.5,149.0
158.5,148.0
158.5,147.0
158.5,146.0
158.5,145.0
158.5,144.0
158.5,143.0
158.5,142.0
158.5,141.0
158.5,140.0
158.5,139.0
158.5,138.0
158.5,137.0
158.5,136.0
158.5,135.0
158.5,134.0
158.5,133.0
158.5,132.0
158.5,131.0
158.5,130.0
158.5,129.0
158.5,128.0
158.5,127.0
158.5,126.0
158.5,125.0
158.5,124.0
158.5,123.0
158.5,122.0
158.5,121.0
158.5,120.0
158.5,119.0
158.5,118.0
158.5,117.0
158.5,116.0
158.5,115.0
158.5,114.0
158.5,113.0
158.5,112.0
158.5,111.0
158.5,110.0
158.5,109.0
158.5,108.0
158.5,107.0
158.5,106.0
158.5,105.0
158.5,104.0
158.5,103.0
158.5,102.0
158.5,101.0
158.5,100.0
158.5,99.0
158.5,98.0
158.5,97.0
158.5,96.0
158.5,95.0
158.5,94.0
158.5,93.0
158.5,92.0
158.5,91.0
158.5,90.0
158.5,89.0
158.5,88.0
158.5,87.0
158.5,86.0
158.5,85.0
158.5,84.0
158.5,83.0
158.5,82.0
158.5,81.0
158.5,80.0
158.5,79.0
158.5,78.0
158.5,77.0
158.5,76.0
158.5,75.0
158.5,74.0
158.5,73.0
158.5,72.0
158.5,71.0
158.5,70.0
158.5,69.0
158.5,68.0
158.5,67.0
158.5,66.0
158.5,65.0
158.5,64.0
158.5,63.0
158.5,62.0
158.5,61.0
158.5,60.0
158.5,59.0
158.5,58.0
158.5,57.0
158.5,56.0
158.5,55.0
158.5,54.0
158.5,53.0
158.5,52.0
158.5,51.0
158.5,50.0
158.5,49.0
158.5,48.0
158.5,47.0
158.5,46.0
158.5,45.0
158.5,44.0
158.5,43.0
158.5,42.0
158.5,41.0
158.5,40.0
158.5,39.0
158.5,38.0
158.5,37.0
158.5,36.0
158.5,35.0
158.5,34.0
158.5,33.0
158.5,32.0
158.5,31.0
158.5,30.0
158.5,29.0
158.5,28.0
158.5,27.0
158.5,26.0
158.5,25.0
158.5,24.0
158.5,23.0
158.5,22.0
158.5,21.0
158.5,20.0
158.5,19.0
158.5,18.0
158.5,17.0
158.5,16.0
158.5,15.0
158.5,14.0
158.5,13.0
158.5,12.0
158.5,11.0
158.5,10.0
158.5,9.0
158.5,8.0
158.5,7.0
158.5,6.0
158.5,5.0
158.5,4.0
158.5,3.0
158.5,2.0
158.5,1.0
158.5,-0.0
158.5,-1.0
158.5,-2.0
158.5,-3.0
158.5,-4.0
158.5,-5.0
158.5,-6.0
158.5,-7.0
158.5,-8.0
158.5,-9.0
158.5,-10.0
158.5,-11.0
158.5,-12.0
158.5,-13.0
158.5,-14.0
158.5,-15.0
158.5,-16.0
158.5,-17.0
158.5,-18.0
158.5,-19.0
158.5,-20.0
158.5,-21.0
158.5,-22.0
158.5,-23.0
158.5,-24.0
158.5,-25.0
158.5,-26.0
158.5,-27.0
158.5,-28.0
158.5,-29.0
158.5,-30.0
158.5,-31.0
158.5,-32.0
158.5,-33.0
158.5,-34.0
158.5,-35.0
158.5,-36.0
158.5,-37.0
158.5,-38.0
158.5,-39.0
158.5,-40.0
158.5,-41.0
158.5,-42.0
158.5,-43.0
158.5,-44.0
158.5,-45.0
158.5,-46.0
158.5,-47.0
158.5,-48.0
158.5,-49.0
158.5,-50.0
158.5,-51.0
158.5,-52.0
158.5,-53.0
158.5,-54.0
158.5,-55.0
158.5,-56.0
158.5,-57.0
157.5,-58.0
158.5,-58.0
159.5,-59.0
160.5,-59.0
161.5,-59.0
162.5,-59.0
163.5,-59.0
164.5,-60.0
165.5,-61.0
166.5,-61.0
167.5,-61.0
168.5,-61.0
169.5,-61.0
170.5,-62.0
171.5,-62.0
172.5,-62.0
173.5,-62.0
174.5,-63.0
175.5,-63.0
176.5,-63.0
177.5,-64.0
178.5,-64.0
179.5,-64.0
180.5,-64.0
181.5,-64.0
182.5,-65.0
183.5,-65.0
184.5,-65.0
185.5,-66.0
186.5,-66.0
187.5,-67.0
188.5,-67.0
189.5,-67.0
190.5,-67.0
191.5,-67.0
192.5,-67.0
193.5,-68.0
194.5,-69.0
195.5,-69.0
196.5,-69.0
197.5,-69.0
198.5,-69.0
199.5,-70.0
200.5,-70.0
201.5,-70.0
202.5,-70.0
203.5,-71.0
204.5,-71.0
205.5,-71.0
206.5,-72.0
202.5,-87.0
201.5,-87.0
200.5,-87.0
199.5,-87.0
198.5,-87.0
197.5,-87.0
196.5,-87.0
195.5,-87.0
194.5,-87.0
193.5,-87.0
192.5,-87.0
191.5,-87.0
190.5,-87.0
189.5,-87.0
188.5,-87.0
187.5,-87.0
186.5,-88.0
185.5,-88.0
184.5,-88.0
183.5,-88.0
182.5,-88.0
181.5,-89.0
180.5,-89.0
179.5,-89.0
178.5,-89.0
177.5,-90.0
176.5,-90.0
175.5,-90.0
174.5,-91.0
173.5,-91.0
172.5,-91.0
171.5,-92.0
170.5,-92.0
169.5,-93.0
168.5,-93.0
167.5,-94.0
166.5,-94.0
165.5,-95.0
164.5,-95.0
163.5,-96.0
162.5,-97.0
161.5,-97.0
160.5,-98.0
159.5,-99.0
158.5,-100.0
157.5,-100.0
156.5,-101.0
155.5,-102.0
154.5,-103.0
153.5,-104.0
152.5,-105.0
151.5,-106.0
150.5,-107.0
149.5,-108.0
148.5,-109.0
148.5,-110.0
147.5,-111.0
146.5,-112.0
145.5,-113.0
145.5,-114.0
144.5,-115.0
144.5,-116.0
143.5,-117.0
142.5,-118.0
142.5,-119.0
142.5,-120.0
141.5,-121.0
141.5,-122.0
140.5,-123.0
140.5,-124.0
139.5,-125.0
139.5,-126.0
139.5,-127.0
138.5,-128.0
138.5,-129.0
138.5,-130.0
137.5,-131.0
137.5,-132.0
137.5,-133.0
137.5,-134.0
136.5,-135.0
136.5,-136.0
136.5,-137.0
136.5,-138.0
136.5,-139.0
110.5,-139.0
110.5,-138.0
110.5,-137.0
110.5,-136.0
110.5,-135.0
110.5,-134.0
110.5,-133.0
110.5,-132.0
110.5,-131.0
110.5,-130.0
110.5,-129.0
110.5,-128.0
110.5,-127.0
110.5,-126.0
110.5,-125.0
110.5,-124.0
110.5,-123.0
110.5,-122.0
110.5,-121.0
110.5,-120.0
110.5,-119.0
110.5,-118.0
110.5,-117.0
110.5,-116.0
110.5,-115.0
110.5,-114.0
110.5,-113.0
110.5,-112.0
110.5,-111.0
110.5,-110.0
110.5,-109.0
110.5,-108.0
110.5,-107.0
110.5,-106.0
110.5,-105.0
110.5,-104.0
110.5,-103.0
110.5,-102.0
110.5,-101.0
110.5,-100.0
110.5,-99.0
110.5,-98.0
110.5,-97.0
110.5,-96.0
110.5,-95.0
110.5,-94.0
110.5,-93.0
110.5,-92.0
110.5,-91.0
110.5,-90.0
110.5,-89.0
110.5,-88.0
110.5,-87.0
110.5,-86.0
110.5,-85.0
110.5,-84.0
110.5,-83.0
110.5,-82.0
110.5,-81.0
110.5,-80.0
110.5,-79.0
110.5,-78.0
110.5,-77.0
110.5,-76.0
110.5,-75.0
110.5,-74.0
110.5,-73.0
110.5,-72.0
110.5,-71.0
110.5,-70.0
110.5,-69.0
110.5,-68.0
110.5,-67.0
110.5,-66.0
110.5,-65.0
110.5,-64.0
110.5,-63.0
110.5,-62.0
110.5,-61.0
110.5,-60.0
110.5,-59.0
110.5,-58.0
110.5,-57.0
110.5,-56.0
110.5,-55.0
110.5,-54.0
110.5,-53.0
110.5,-52.0
110.5,-51.0
110.5,-50.0
110.5,-49.0
110.5,-48.0
110.5,-47.0
110.5,-46.0
110.5,-45.0
110.5,-44.0
110.5,-43.0
110.5,-42.0
110.5,-41.0
110.5,-40.0
110.5,-39.0
110.5,-38.0
110.5,-37.0
110.5,-36.0
110.5,-35.0
110.5,-34.0
110.5,-33.0
110.5,-32.0
110.5,-31.0
110.5,-30.0
110.5,-29.0
110.5,-28.0
110.5,-27.0
110.5,-26.0
110.5,-25.0
110.5,-24.0
110.5,-23.0
110.5,-22.0
110.5,-21.0
110.5,-20.0
110.5,-19.0
110.5,-18.0
110.5,-17.0
110.5,-16.0
110.5,-15.0
110.5,-14.0
110.5,-13.0
110.5,-12.0
110.5,-11.0
110.5,-10.0
110.5,-9.0
110.5,-8.0
110.5,-7.0
110.5,-6.0
110.5,-5.0
110.5,-4.0
110.5,-3.0
110.5,-2.0
110.5,-1.0
110.5,0.0
110.5,1.0
110.5,2.0
110.5,3.0
110.5,4.0
110.5,5.0
110.5,6.0
110.5,7.0
110.5,8.0
110.5,9.0
110.5,10.0
110.5,11.0
110.5,12.0
110.5,13.0
110.5,14.0
110.5,15.0
110.5,16.0
110.5,17.0
110.5,18.0
110.5,19.0
110.5,20.0
110.5,21.0
110.5,22.0
110.5,23.0
110.5,24.0
110.5,25.0
110.5,26.0
110.5,27.0
110.5,28.0
110.5,29.0
110.5,30.0
110.5,31.0
110.5,32.0
110.5,33.0
110.5,34.0
110.5,35.0
110.5,36.0
110.5,37.0
110.5,38.0
110.5,39.0
110.5,40.0
110.5,41.0
110.5,42.0
110.5,43.0
110.5,44.0
110.5,45.0
110.5,46.0
110.5,47.0
110.5,48.0
110.5,49.0
110.5,50.0
110.5,51.0
110.5,52.0
110.5,53.0
110.5,54.0
110.5,55.0
110.5,56.0
110.5,57.0
110.5,58.0
110.5,59.0
110.5,60.0
110.5,61.0
110.5,62.0
110.5,63.0
110.5,64.0
110.5,65.0
110.5,66.0
110.5,67.0
110.5,68.0
110.5,69.0
110.5,70.0
110.5,71.0
110.5,72.0
110.5,73.0
110.5,74.0
110.5,75.0
110.5,76.0
110.5,77.0
110.5,78.0
110.5,79.0
110.5,80.0
110.5,81.0
110.5,82.0
110.5,83.0
110.5,84.0
110.5,85.0
110.5,86.0
110.5,87.0
110.5,88.0
110.5,89.0
110.5,90.0
110.5,91.0
110.5,92.0
110.5,93.0
110.5,94.0
110.5,95.0
110.5,96.0
110.5,97.0
110.5,98.0
110.5,99.0
110.5,100.0
110.5,101.0
110.5,102.0
110.5,103.0
110.5,104.0
110.5,105.0
110.5,106.0
110.5,107.0
110.5,108.0
110.5,109.0
110.5,110.0
110.5,111.0
110.5,112.0
110.5,113.0
110.5,114.0
110.5,115.0
110.5,116.0
110.5,117.0
110.5,118.0
110.5,119.0
110.5,120.0
110.5,121.0
110.5,122.0
110.5,123.0
110.5,124.0
110.5,125.0
110.5,126.0
110.5,127.0
110.5,128.0
110.5,129.0
110.5,130.0
110.5,131.0
110.5,132.0
110.5,133.0
110.5,134.0
110.5,135.0
110.5,136.0
110.5,137.0
110.5,138.0
110.5,139.0
110.5,140.0
110.5,141.0
110.5,142.0
110.5,143.0
110.5,144.0
110.5,145.0
110.5,146.0
110.5,147.0
110.5,148.0
110.5,149.0
110.5,150.0
110.5,151.0
110.5,152.0
110.5,153.0
110.5,154.0
110.5,155.0
110.5,156.0
110.5,157.0
110.5,158.0
110.5,159.0
110.5,160.0
110.5,161.0
110.5,162.0
110.5,163.0
110.5,164.0
110.5,165.0
110.5,166.0
110.5,167.0
110.5,168.0
110.5,169.0
110.5,170.0
110.5,171.0
110.5,172.0
110.5,173.0
110.5,174.0
110.5,175.0
110.5,176.0
110.5,177.0
110.5,178.0
110.5,179.0
110.5,180.0
110.5,181.0
110.5,182.0
110.5,183.0
110.5,184.0
110.5,185.0
110.5,186.0
110.5,187.0
110.5,188.0
110.5,189.0
110.5,190.0
110.5,191.0
110.5,192.0
110.5,193.0
110.5,194.0
110.5,195.0
110.5,196.0
110.5,197.0
110.5,198.0
110.5,199.0
110.5,200.0
110.5,201.0
110.5,202.0
110.5,203.0
110.5,204.0
110.5,205.0
110.5,206.0
110.5,207.0
110.5,208.0
110.5,209.0
110.5,210.0
110.5,211.0
109.5,212.0
108.5,212.0
107.5,212.0
106.5,212.0
105.5,212.0
104.5,212.0
103.5,212.0
102.5,212.0
101.5,212.0
100.5,212.0
99.5,212.0
98.5,212.0
97.5,212.0
96.5,212.0
95.5,212.0
94.5,212.0
93.5,212.0
92.5,212.0
91.5,212.0
90.5,212.0
89.5,212.0
88.5,212.0
87.5,212.0
86.5,212.0
85.5,212.0
84.5,212.0
83.5,212.0
82.5,212.0
81.5,212.0
80.5,212.0
79.5,212.0
78.5,212.0
77.5,212.0
76.5,212.0
75.5,212.0
74.5,212.0
73.5,212.0
72.5,212.0
71.5,212.0
70.5,212.0
69.5,212.0
68.5,212.0
67.5,212.0
66.5,212.0
65.5,212.0
64.5,212.0
63.5,212.0
62.5,212.0
61.5,212.0
60.5,212.0
59.5,212.0
58.5,212.0
57.5,212.0
56.5,212.0
55.5,212.0
54.5,212.0
53.5,212.0
52.5,212.0
51.5,212.0
50.5,212.0
49.5,212.0
48.5,212.0
47.5,212.0
46.5,212.0
45.5,212.0
44.5,212.0
43.5,212.0
42.5,212.0
41.5,212.0
40.5,212.0
39.5,212.0
38.5,212.0
37.5,212.0
36.5,212.0
35.5,212.0
34.5,212.0
33.5,212.0
32.5,212.0
31.5,212.0
30.5,212.0
29.5,212.0
28.5,212.0
27.5,212.0
26.5,212.0
25.5,212.0
24.5,212.0
24.5,211.0
24.5,210.0
24.5,209.0
24.5,208.0
24.5,207.0
24.5,206.0
24.5,205.0
24.5,204.0
24.5,203.0
24.5,202.0
24.5,201.0
24.5,200.0
24.5,199.0
24.5,198.0
24.5,197.0
24.5,196.0
24.5,195.0
24.5,194.0
24.5,193.0
24.5,192.0
24.5,191.0
24.5,190.0
24.5,189.0
24.5,188.0
24.5,187.0
24.5,186.0
24.5,185.0
24.5,184.0
24.5,183.0
24.5,182.0
24.5,181.0
24.5,180.0
24.5,179.0
24.5,178.0
-15.5,177.0
-15.5,178.0
-15.5,179.0
-15.5,180.0
-15.5,181.0
-15.5,182.0
-15.5,183.0
-15.5,184.0
-15.5,185.0
-15.5,186.0
-15.5,187.0
-15.5,188.0
-15.5,189.0
-15.5,190.0
-15.5,191.0
-15.5,192.0
-15.5,193.0
-15.5,194.0
-15.5,195.0
-15.5,196.0
-15.5,197.0
-15.5,198.0
-15.5,199.0
-15.5,200.0
-15.5,201.0
-15.5,202.0
-15.5,203.0
-15.5,204.0
-15.5,205.0
-15.5,206.0
-15.5,207.0
-15.5,208.0
-15.5,209.0
-15.5,210.0
-15.5,211.0
-15.5,212.0
-16.5,212.0
-17.5,212.0
-18.5,212.0
-19.5,212.0
-20.5,212.0
-21.5,212.0
-22.5,212.0
-23.5,212.0
-24.5,212.0
-25.5,212.0
-26.5,212.0
-27.5,212.0
-28.5,212.0
-29.5,212.0
-30.5,212.0
-31.5,212.0
-32.5,212.0
-33.5,212.0
-34.5,212.0
-35.5,212.0
-36.5,212.0
-37.5,212.0
-38.5,212.0
-39.5,212.0
-40.5,212.0
-41.5,212.0
-42.5,212.0
-43.5,212.0
-44.5,212.0
-45.5,212.0
-46.5,212.0
-47.5,212.0
-48.5,212.0
-49.5,212.0
-50.5,212.0
-51.5,212.0
-52.5,212.0
-53.5,212.0
-54.5,212.0
-55.5,212.0
-56.5,212.0
-57.5,212.0
-58.5,212.0
-59.5,212.0
-60.5,212.0
-61.5,212.0
-62.5,212.0
-63.5,212.0
-64.5,212.0
-65.5,212.0
-66.5,212.0
-67.5,212.0
-68.5,212.0
-69.5,212.0
-70.5,212.0
-71.5,212.0
-72.5,212.0
-73.5,212.0
-74.5,212.0
-75.5,212.0
-76.5,212.0
-77.5,212.0
-78.5,212.0
-79.5,212.0
-80.5,212.0
-81.5,212.0
-82.5,212.0
-83.5,212.0
-84.5,212.0
-85.5,212.0
-86.5,212.0
-87.5,212.0
-88.5,212.0
-89.5,212.0
-90.5,212.0
-91.5,212.0
-92.5,212.0
-93.5,212.0
-94.5,212.0
-95.5,212.0
-96.5,212.0
-97.5,212.0
-98.5,212.0
-99.5,212.0
-100.5,212.0
-101.5,212.0
-102.5,212.0
-102.5,211.0
-102.5,210.0
-102.5,209.0
-102.5,208.0
-102.5,207.0
-102.5,206.0
-102.5,205.0
-102.5,204.0
-102.5,203.0
-102.5,202.0
-102.5,201.0
-102.5,200.0
-102.5,199.0
-102.5,198.0
-102.5,197.0
-102.5,196.0
-102.5,195.0
-102.5,194.0
-102.5,193.0
-102.5,192.0
-102.5,191.0
-102.5,190.0
-102.5,189.0
-102.5,188.0
-102.5,187.0
-102.5,186.0
-103.5,185.0
-104.5,186.0
-105.5,187.0
-105.5,188.0
-106.5,188.0
-107.5,189.0
-108.5,190.0
-109.5,191.0
-110.5,192.0
-111.5,192.0
-112.5,193.0
-113.5,193.0
-114.5,194.0
-115.5,195.0
-116.5,196.0
-117.5,196.0
-118.5,197.0
-119.5,198.0
-120.5,198.0
-121.5,199.0
-122.5,200.0
-123.5,200.0
-124.5,201.0
-125.5,202.0
-126.5,202.0
-127.5,202.0
-128.5,203.0
-129.5,204.0
-130.5,204.0
-131.5,204.0
-132.5,205.0
-133.5,205.0
-134.5,206.0
-135.5,206.0
-136.5,207.0
-137.5,207.0
-138.5,208.0
-139.5,209.0
-140.5,209.0
-141.5,209.0
-142.5,210.0
-143.5,210.0
-144.5,211.0
-145.5,211.0
-146.5,212.0
-147.5,212.0
-148.5,212.0
-149.5,213.0
-150.5,213.0
-151.5,213.0
-152.5,214.0
-153.5,214.0
-154.5,214.0
-155.5,214.0
-156.5,214.0
-157.5,215.0
-158.5,215.0
-159.5,215.0
-160.5,215.0
-161.5,216.0
-162.5,216.0
-163.5,216.0
-164.5,216.0
-165.5,216.0
-166.5,216.0
-167.5,216.0
-168.5,217.0
-169.5,217.0
-170.5,216.0
-171.5,216.0
-172.5,217.0
-173.5,217.0
-174.5,216.0
-175.5,217.0
-176.5,217.0
-177.5,217.0
-178.5,217.0
-179.5,217.0
-180.5,217.0
-181.5,217.0
-182.5,217.0
-183.5,216.0
-184.5,217.0
-185.5,216.0
-186.5,217.0
-187.5,216.0
-188.5,216.0
-189.5,216.0
-190.5,216.0
-191.5,215.0
-192.5,216.0
-193.5,216.0
-194.5,215.0
-195.5,215.0
-196.5,215.0
-197.5,215.0
-198.5,215.0
-199.5,215.0
-200.5,214.0
-201.5,214.0
-202.5,214.0
-203.5,213.0
-204.5,213.0
-205.5,213.0
-206.5,213.0
-207.5,212.0
-208.5,213.0
-209.5,212.0
-210.5,212.0
-211.5,212.0
-212.5,211.0
-213.5,211.0
-214.5,210.0
-215.5,210.0
-216.5,210.0
-217.5,209.0
-218.5,209.0
-219.5,208.0
-220.5,208.0
-221.5,208.0
-222.5,207.0
-223.5,207.0
-224.5,207.0
-225.5,206.0
-226.5,206.0
-227.5,205.0
-228.5,204.0
-229.5,203.0
-230.5,203.0
-231.5,203.0
-232.5,202.0
-233.5,201.0
-234.5,200.0
-235.5,200.0
-236.5,200.0
-237.5,199.0
-238.5,198.0
-239.5,198.0
-240.5,197.0
-241.5,196.0
-242.5,195.0
-243.5,195.0
-243.5,194.0
-244.5,193.0
-245.5,193.0
-246.5,192.0
-247.5,191.0
-248.5,190.0
-249.5,189.0
-249.5,188.0
-250.5,187.0
-251.5,187.0
-252.5,186.0
-252.5,185.0
-253.5,184.0
-254.5,183.0
-255.5,182.0
-256.5,181.0
-257.5,180.0
-258.5,179.0
-258.5,178.0
-259.5,177.0
-260.5,177.0
-260.5,176.0
-261.5,175.0
-261.5,174.0
-262.5,173.0
-263.5,172.0
-264.5,171.0
-264.5,170.0
-265.5,169.0
-265.5,168.0
-266.5,167.0
-267.5,166.0
-266.5,165.0
-267.5,164.0
-268.5,164.0
-267.5,163.0
-268.5,162.0
-269.5,161.0
-269.5,160.0
-269.5,159.0
-270.5,158.0
-271.5,157.0
-270.5,156.0
-271.5,155.0
-272.5,154.0
-272.5,153.0
-272.5,152.0
-273.5,151.0
-273.5,150.0
-273.5,149.0
-273.5,148.0
-274.5,147.0
-274.5,146.0
-274.5,145.0
-274.5,144.0
-274.5,143.0
-275.5,142.0
-275.5,141.0
-275.5,140.0
-274.5,139.0
-275.5,138.0
-275.5,137.0
-275.5,136.0
-276.5,135.0
-276.5,134.0
-276.5,133.0
-276.5,132.0
-276.5,131.0
-276.5,130.0
-276.5,129.0
-276.5,128.0
-276.5,127.0
-276.5,126.0
-276.5,125.0
-276.5,124.0
-276.5,123.0
-276.5,122.0
-276.5,121.0
-276.5,120.0
-276.5,119.0
-276.5,118.0
-276.5,117.0
-276.5,116.0
-276.5,115.0
-276.5,114.0
-276.5,113.0
-276.5,112.0
-276.5,111.0
-276.5,110.0
-276.5,109.0
-276.5,108.0
-276.5,107.0
-276.5,106.0
-276.5,105.0
-276.5,104.0
-276.5,103.0
-276.5,102.0
-276.5,101.0
-276.5,100.0
-276.5,99.0
-276.5,98.0
-276.5,97.0
-276.5,96.0
-276.5,95.0
-276.5,94.0
-276.5,93.0
-276.5,92.0
-276.5,91.0
-276.5,90.0
-276.5,89.0
-276.5,88.0
-276.5,87.0
-276.5,86.0
-276.5,85.0
-276.5,84.0
-276.5,83.0
-276.5,82.0
-276.5,81.0
-276.5,80.0
-276.5,79.0
-276.5,78.0
-276.5,77.0
-276.5,76.0
-276.5,75.0
-276.5,74.0
-276.5,73.0
-276.5,72.0
-276.5,71.0
-276.5,70.0
-276.5,69.0
-276.5,68.0
-276.5,67.0
-276.5,66.0
-276.5,65.0
-276.5,64.0
-276.5,63.0
-276.5,62.0
-276.5,61.0
-276.5,60.0
-276.5,59.0
-276.5,58.0
-276.5,57.0
-276.5,56.0
-276.5,55.0
-276.5,54.0
-276.5,53.0
-276.5,52.0
-276.5,51.0
-276.5,50.0
-276.5,49.0
-276.5,48.0
-276.5,47.0
-276.5,46.0
-276.5,45.0
-276.5,44.0
-276.5,43.0
-276.5,42.0
-276.5,41.0
-276.5,40.0
-276.5,39.0
-276.5,38.0
-276.5,37.0
-317.5,37.0
-317.5,38.0
-317.5,39.0
-317.5,40.0
-317.5,41.0
-317.5,42.0
-317.5,43.0
-317.5,44.0
-317.5,45.0
-317.5,46.0
-317.5,47.0
-317.5,48.0
-317.5,49.0
-317.5,50.0
-317.5,51.0
-317.5,52.0
-317.5,53.0
-317.5,54.0
-317.5,55.0
-317.5,56.0
-317.5,57.0
-317.5,58.0
-317.5,59.0
-317.5,60.0
-317.5,61.0
-317.5,62.0
-317.5,63.0
-317.5,64.0
-317.5,65.0
-317.5,66.0
-317.5,67.0
-317.5,68.0
-317.5,69.0
-317.5,70.0
-317.5,71.0
-317.5,72.0
-317.5,73.0
-317.5,74.0
-317.5,75.0
-317.5,76.0
-317.5,77.0
-317.5,78.0
-317.5,79.0
-317.5,80.0
-317.5,81.0
-317.5,82.0
-317.5,83.0
-317.5,84.0
-317.5,85.0
-317.5,86.0
-317.5,87.0
-317.5,88.0
-317.5,89.0
-317.5,90.0
-317.5,91.0
-317.5,92.0
-317.5,93.0
-317.5,94.0
-317.5,95.0
-317.5,96.0
-317.5,97.0
-317.5,98.0
-317.5,99.0
-317.5,100.0
-317.5,101.0
-317.5,102.0
-317.5,103.0
-317.5,104.0
-317.5,105.0
-317.5,106.0
-317.5,107.0
-317.5,108.0
-317.5,109.0
-317.5,110.0
-317.5,111.0
-317.5,112.0
-317.5,113.0
-317.5,114.0
-317.5,115.0
-317.5,116.0
-317.5,117.0
-317.5,118.0
-317.5,119.0
-317.5,120.0
-317.5,121.0
-317.5,122.0
-317.5,123.0
-317.5,124.0
-317.5,125.0
-317.5,126.0
-317.5,127.0
-317.5,128.0
-317.5,129.0
-317.5,130.0
-317.5,131.0
-317.5,132.0
-317.5,133.0
-317.5,134.0
-317.5,135.0
-317.5,136.0
-317.5,137.0
-317.5,138.0
-317.5,139.0
-317.5,140.0
-317.5,141.0
-317.5,142.0
-317.5,143.0
-317.5,144.0
-317.5,145.0
-317.5,146.0
-317.5,147.0
-317.5,148.0
-317.5,149.0
-317.5,150.0
-317.5,151.0
-317.5,152.0
-317.5,153.0
-317.5,154.0
-317.5,155.0
-317.5,156.0
-317.5,157.0
-317.5,158.0
-317.5,159.0
-317.5,160.0
-317.5,161.0
-317.5,162.0
-317.5,163.0
-317.5,164.0
-317.5,165.0
-317.5,166.0
-317.5,167.0
-317.5,168.0
-317.5,169.0
-317.5,170.0
-317.5,171.0
-317.5,172.0
-317.5,173.0
-317.5,174.0
-317.5,175.0
-317.5,176.0
-317.5,177.0
-317.5,178.0
-317.5,179.0
-317.5,180.0
-317.5,181.0
-317.5,182.0
-317.5,183.0
-317.5,184.0
-317.5,185.0
-317.5,186.0
-317.5,187.0
-317.5,188.0
-317.5,189.0
-317.5,190.0
-317.5,191.0
-317.5,192.0
-317.5,193.0
-317.5,194.0
-317.5,195.0
-317.5,196.0
-317.5,197.0
-317.5,198.0
-317.5,199.0
-317.5,200.0
-317.5,201.0
-317.5,202.0
-317.5,203.0
-317.5,204.0
-317.5,205.0
-317.5,206.0
-317.5,207.0
-317.5,208.0
-317.5,209.0
-317.5,210.0
-317.5,211.0
-317.5,212.0
-317.5,213.0
-317.5,214.0
-317.5,215.0
-317.5,216.0
-317.5,217.0
-317.5,218.0
-317.5,219.0
-317.5,220.0
-317.5,221.0
-317.5,222.0
-317.5,223.0
-317.5,224.0
-317.5,225.0
-317.5,226.0
-317.5,227.0
-317.5,228.0
-317.5,229.0
-317.5,230.0
-317.5,231.0
-317.5,232.0
-317.5,233.0
-317.5,234.0
-318.5,235.0
-318.5,236.0
-318.5,237.0
-318.5,238.0
-319.5,239.0
-318.5,240.0
-318.5,241.0
-318.5,242.0
-319.5,243.0
-319.5,244.0
-319.5,245.0
-319.5,246.0
-320.5,247.0
-319.5,248.0
-320.5,249.0
-320.5,250.0
-320.5,251.0
-320.5,252.0
-321.5,253.0
-321.5,254.0
-322.5,255.0
-321.5,256.0
-321.5,257.0
-322.5,258.0
-322.5,259.0
-322.5,260.0
-322.5,261.0
-322.5,262.0
-323.5,263.0
-323.5,264.0
-323.5,265.0
-323.5,266.0
-324.5,267.0
-325.5,268.0
-324.5,269.0
-325.5,269.0
-326.5,270.0
-325.5,271.0
-325.5,272.0
-326.5,272.0
-327.5,273.0
-326.5,274.0
-326.5,275.0
-327.5,276.0
-327.5,277.0
-328.5,278.0
-328.5,279.0
-329.5,280.0
-329.5,281.0
-329.5,282.0
-330.5,283.0
-330.5,284.0
-331.5,285.0
-331.5,286.0
-332.5,287.0
-332.5,288.0
-333.5,289.0
-334.5,289.0
-335.5,290.0
-335.5,291.0
-335.5,292.0
-336.5,293.0
-336.5,294.0
-337.5,295.0
-338.5,296.0
-339.5,297.0
-339.5,298.0
-340.5,298.0
-341.5,299.0
-341.5,300.0
-342.5,301.0
-343.5,301.0
-344.5,302.0
-344.5,303.0
-345.5,304.0
-346.5,305.0
-347.5,306.0
-348.5,307.0
-349.5,308.0
-350.5,308.0
-351.5,309.0
-352.5,310.0
-353.5,310.0
-354.5,311.0
-354.5,312.0
-355.5,313.0
-356.5,313.0
-357.5,314.0
-358.5,315.0
-359.5,315.0
-360.5,315.0
-361.5,316.0
-362.5,317.0
-363.5,317.0
-364.5,318.0
-365.5,318.0
-366.5,318.0
-367.5,319.0
-368.5,320.0
-369.5,320.0
-370.5,321.0
-371.5,321.0
-372.5,321.0
-373.5,322.0
-374.5,322.0
-375.5,323.0
-376.5,323.0
-377.5,323.0
-378.5,323.0
-379.5,324.0
-380.5,324.0
-381.5,324.0
-382.5,325.0
-383.5,324.0
-384.5,325.0
-385.5,324.0
-386.5,325.0
-387.5,326.0
-388.5,326.0
-389.5,325.0
-390.5,326.0
-391.5,326.0
-392.5,327.0
-393.5,327.0
-394.5,326.0
-395.5,326.0
-396.5,327.0
-397.5,327.0
-398.5,328.0
-399.5,328.0
-400.5,327.0
-401.5,328.0
-402.5,328.0
-403.5,328.0
-404.5,328.0
-405.5,328.0
-406.5,328.0
-407.5,329.0
-408.5,329.0
-409.5,328.0
-410.5,329.0
-411.5,329.0
-412.5,329.0
-413.5,329.0
-414.5,329.0
-415.5,329.0
-416.5,330.0
-417.5,330.0
-418.5,329.0
-419.5,330.0
-420.5,330.0
-421.5,330.0
-422.5,330.0
-423.5,330.0
-424.5,330.0
-425.5,330.0
-426.5,330.0
-427.5,329.0
-428.5,330.0
-429.5,329.0
-430.5,330.0
-431.5,330.0
-432.5,330.0
-433.5,330.0
-434.5,330.0
-435.5,330.0
-436.5,330.0
-437.5,330.0
-438.5,330.0
-439.5,330.0
-440.5,330.0
-441.5,330.0
-442.5,330.0
-443.5,330.0
-444.5,330.0
-445.5,330.0
-446.5,329.0
-447.5,330.0
-448.5,330.0
-449.5,330.0
-450.5,330.0
-451.5,329.0
-452.5,329.0
-453.5,329.0
-454.5,328.0
-455.5,329.0
-456.5,329.0
-457.5,329.0
-458.5,329.0
-459.5,328.0
-460.5,329.0
-461.5,328.0
-462.5,328.0
-463.5,328.0
-464.5,328.0
-465.5,327.0
-466.5,327.0
-467.5,327.0
-468.5,327.0
-469.5,327.0
-470.5,326.0
-471.5,326.0
-472.5,326.0
-473.5,326.0
-474.5,326.0
-475.5,325.0
-476.5,325.0
-477.5,325.0
-478.5,325.0
-479.5,324.0
-480.5,324.0
-481.5,323.0
-482.5,323.0
-483.5,323.0
-484.5,322.0
-485.5,322.0
-486.5,322.0
-487.5,321.0
-488.5,320.0
-489.5,320.0
-490.5,319.0
-491.5,318.0
-492.5,318.0
-493.5,318.0
-494.5,318.0
-494.5,317.0
-495.5,316.0
-496.5,316.0
-497.5,316.0
-497.5,315.0
-498.5,314.0
-499.5,314.0
-500.5,313.0
-501.5,313.0
-502.5,312.0
-503.5,311.0
-504.5,310.0
-504.5,309.0
-504.5,308.0
-505.5,307.0
-506.5,307.0
-506.5,306.0
-507.5,305.0
-508.5,304.0
-508.5,303.0
-508.5,302.0
-509.5,301.0
-510.5,301.0
-509.5,300.0
-510.5,299.0
-510.5,298.0
-511.5,297.0
-511.5,296.0
-511.5,295.0
-511.5,294.0
-511.5,293.0
-511.5,292.0
-511.5,291.0
-511.5,290.0
-511.5,289.0
-511.5,288.0
-511.5,287.0
-510.5,286.0
-511.5,285.0
-510.5,284.0
-510.5,283.0
-510.5,282.0
-510.5,281.0
-509.5,280.0
-508.5,279.0
-508.5,278.0
-508.5,277.0
-507.5,276.0
-506.5,275.0
-505.5,274.0
-505.5,273.0
-504.5,272.0
-504.5,271.0
-503.5,271.0
-502.5,270.0
-501.5,269.0
-500.5,268.0
-499.5,268.0
-498.5,267.0
-497.5,267.0
-496.5,266.0
-496.5,265.0
-495.5,266.0
-494.5,265.0
-494.5,264.0
-493.5,264.0
-492.5,263.0
-491.5,263.0
-490.5,263.0
-489.5,263.0
-488.5,263.0
-487.5,262.0
-486.5,262.0
-485.5,261.0
-484.5,261.0
-483.5,261.0
-482.5,261.0
-481.5,260.0
-480.5,260.0
-479.5,260.0
-478.5,260.0
-477.5,260.0
-476.5,260.0
-475.5,260.0
-474.5,260.0
-473.5,260.0
-472.5,260.0
-471.5,260.0
-470.5,260.0
-469.5,260.0
-468.5,260.0
-467.5,261.0
-466.5,261.0
-465.5,260.0
-464.5,261.0
-463.5,261.0
-462.5,262.0
-461.5,262.0
-460.5,262.0
-459.5,262.0
-458.5,262.0
-457.5,263.0
-456.5,263.0
-456.5,264.0
-455.5,265.0
-454.5,264.0
-453.5,265.0
-452.5,266.0
-451.5,267.0
-450.5,268.0
-449.5,268.0
-448.5,269.0
-447.5,269.0
-447.5,270.0
-446.5,271.0
-445.5,271.0
-444.5,272.0
-444.5,273.0
-443.5,274.0
-442.5,275.0
-442.5,276.0
-441.5,277.0
-440.5,277.0
-439.5,278.0
-438.5,279.0
-438.5,280.0
-437.5,281.0
-437.5,282.0
-436.5,283.0
-435.5,283.0
-435.5,284.0
-434.5,285.0
-433.5,286.0
-432.5,287.0
-431.5,288.0
-431.5,289.0
-430.5,290.0
-429.5,291.0
-428.5,291.0
-427.5,292.0
-426.5,292.0
-425.5,293.0
-424.5,294.0
-423.5,294.0
-422.5,294.0
-421.5,295.0
-420.5,295.0
-419.5,295.0
-418.5,295.0
-417.5,295.0
-416.5,295.0
-415.5,295.0
-414.5,294.0
-413.5,294.0
-412.5,293.0
-411.5,292.0
-410.5,292.0
-409.5,291.0
-409.5,290.0
-408.5,289.0
-408.5,288.0
-408.5,287.0
-407.5,286.0
-407.5,285.0
-407.5,284.0
-406.5,283.0
-406.5,282.0
-405.5,281.0
-405.5,280.0
-405.5,279.0
-405.5,278.0
-405.5,277.0
-404.5,276.0
-405.5,275.0
-405.5,274.0
-404.5,273.0
-404.5,272.0
-404.5,271.0
-403.5,270.0
-404.5,269.0
-404.5,268.0
-404.5,267.0
-404.5,266.0
-404.5,265.0
-403.5,264.0
-404.5,263.0
-404.5,262.0
-404.5,261.0
-403.5,260.0
-403.5,259.0
-404.5,258.0
-403.5,257.0
-403.5,256.0
-403.5,255.0
-403.5,254.0
-404.5,253.0
-404.5,252.0
-404.5,251.0
-404.5,250.0
-404.5,249.0
-404.5,248.0
-404.5,247.0
-404.5,246.0
-404.5,245.0
-404.5,244.0
-404.5,243.0
-404.5,242.0
-404.5,241.0
-404.5,240.0
-404.5,239.0
-404.5,238.0
-404.5,237.0
-404.5,236.0
-404.5,235.0
-404.5,234.0
-404.5,233.0
-404.5,232.0
-404.5,231.0
-404.5,230.0
-404.5,229.0
-404.5,228.0
-404.5,227.0
-404.5,226.0
-404.5,225.0
-404.5,224.0
-404.5,223.0
-404.5,222.0
-404.5,221.0
-404.5,220.0
-404.5,219.0
-404.5,218.0
-404.5,217.0
-404.5,216.0
-404.5,215.0
-404.5,214.0
-404.5,213.0
-404.5,212.0
-404.5,211.0
-404.5,210.0
-404.5,209.0
-404.5,208.0
-404.5,207.0
-404.5,206.0
-404.5,205.0
-404.5,204.0
-404.5,203.0
-404.5,202.0
-404.5,201.0
-404.5,200.0
-404.5,199.0
-404.5,198.0
-404.5,197.0
-404.5,196.0
-404.5,195.0
-404.5,194.0
-404.5,193.0
-404.5,192.0
-404.5,191.0
-404.5,190.0
-404.5,189.0
-404.5,188.0
-404.5,187.0
-404.5,186.0
-404.5,185.0
-404.5,184.0
-404.5,183.0
-404.5,182.0
-404.5,181.0
-404.5,180.0
-404.5,179.0
-404.5,178.0
-404.5,177.0
-404.5,176.0
-404.5,175.0
-404.5,174.0
-404.5,173.0
-404.5,172.0
-404.5,171.0
-404.5,170.0
-404.5,169.0
-404.5,168.0
-404.5,167.0
-404.5,166.0
-404.5,165.0
-404.5,164.0
-404.5,163.0
-404.5,162.0
-404.5,161.0
-404.5,160.0
-404.5,159.0
-404.5,158.0
-404.5,157.0
-404.5,156.0
-404.5,155.0
-404.5,154.0
-404.5,153.0
-404.5,152.0
-404.5,151.0
-404.5,150.0
-404.5,149.0
-404.5,148.0
-404.5,147.0
-404.5,146.0
-404.5,145.0
-404.5,144.0
-404.5,143.0
-404.5,142.0
-404.5,141.0
-404.5,140.0
-404.5,139.0
-404.5,138.0
-404.5,137.0
-404.5,136.0
-404.5,135.0
-404.5,134.0
-404.5,133.0
-404.5,132.0
-404.5,131.0
-404.5,130.0
-404.5,129.0
-404.5,128.0
-404.5,127.0
-404.5,126.0
-404.5,125.0
-404.5,124.0
-404.5,123.0
-404.5,122.0
-404.5,121.0
-404.5,120.0
-404.5,119.0
-404.5,118.0
-404.5,117.0
-404.5,116.0
-404.5,115.0
-404.5,114.0
-404.5,113.0
-404.5,112.0
-404.5,111.0
-404.5,110.0
-404.5,109.0
-404.5,108.0
-404.5,107.0
-404.5,106.0
-404.5,105.0
-404.5,104.0
-404.5,103.0
-404.5,102.0
-404.5,101.0
-404.5,100.0
-404.5,99.0
-404.5,98.0
-404.5,97.0
-404.5,96.0
-404.5,95.0
-404.5,94.0
-404.5,93.0
-404.5,92.0
-404.5,91.0
-404.5,90.0
-404.5,89.0
-404.5,88.0
-404.5,87.0
-404.5,86.0
-404.5,85.0
-404.5,84.0
-404.5,83.0
-404.5,82.0
-404.5,81.0
-404.5,80.0
-404.5,79.0
-404.5,78.0
-404.5,77.0
-404.5,76.0
-404.5,75.0
-404.5,74.0
-404.5,73.0
-404.5,72.0
-404.5,71.0
-404.5,70.0
-404.5,69.0
-404.5,68.0
-404.5,67.0
-404.5,66.0
-404.5,65.0
-404.5,64.0
-404.5,63.0
-404.5,62.0
-404.5,61.0
-404.5,60.0
-404.5,59.0
-404.5,58.0
-404.5,57.0
-404.5,56.0
-404.5,55.0
-404.5,54.0
-404.5,53.0
-404.5,52.0
-404.5,51.0
-404.5,50.0
-404.5,49.0
-404.5,48.0
-404.5,47.0
-404.5,46.0
-404.5,45.0
-404.5,44.0
-404.5,43.0
-404.5,42.0
-404.5,41.0
-404.5,40.0
-404.5,39.0
-404.5,38.0
-404.5,37.0
-404.5,36.0
-404.5,35.0
-404.5,34.0
-404.5,33.0
-404.5,32.0
-404.5,31.0
-404.5,30.0
-404.5,29.0
-404.5,28.0
-404.5,27.0
-404.5,26.0
-404.5,25.0
-404.5,24.0
-404.5,23.0
-404.5,22.0
-404.5,21.0
-404.5,20.0
-404.5,19.0
-404.5,18.0
-404.5,17.0
-404.5,16.0
-404.5,15.0
-404.5,14.0
-404.5,13.0
-404.5,12.0
-404.5,11.0
-404.5,10.0
-404.5,9.0
-404.5,8.0
-404.5,7.0
-404.5,6.0
-404.5,5.0
-404.5,4.0
-404.5,3.0
-404.5,2.0
-404.5,1.0
-404.5,0.0
-404.5,-1.0
-404.5,-2.0
-404.5,-3.0
-404.5,-4.0
-404.5,-5.0
-404.5,-6.0
-404.5,-7.0
-404.5,-8.0
-404.5,-9.0
-404.5,-10.0
-404.5,-11.0
-404.5,-12.0
-404.5,-13.0
-404.5,-14.0
-404.5,-15.0
-404.5,-16.0
-404.5,-17.0
-404.5,-18.0
-404.5,-19.0
-404.5,-20.0
-404.5,-21.0
-404.5,-22.0
-404.5,-23.0
-404.5,-24.0
-404.5,-25.0
-404.5,-26.0
-404.5,-27.0
-404.5,-28.0
-404.5,-29.0
-404.5,-30.0
-404.5,-31.0
-404.5,-32.0
-404.5,-33.0
-404.5,-34.0
-404.5,-35.0
-404.5,-36.0
-404.5,-37.0
-404.5,-38.0
-404.5,-39.0
-404.5,-40.0
-404.5,-41.0
-404.5,-42.0
-404.5,-43.0
-404.5,-44.0
-404.5,-45.0
-404.5,-46.0
-404.5,-47.0
-404.5,-48.0
-404.5,-49.0
-404.5,-50.0
-404.5,-51.0
-404.5,-52.0
-404.5,-53.0
-404.5,-54.0
-404.5,-55.0
-404.5,-56.0
-404.5,-57.0
-404.5,-58.0
-403.5,-59.0
-402.5,-59.0
-401.5,-60.0
-400.5,-60.0
-399.5,-60.0
-398.5,-60.0
-397.5,-60.0
-396.5,-61.0
-395.5,-62.0
-394.5,-62.0
-393.5,-62.0
-392.5,-62.0
-391.5,-62.0
-390.5,-63.0
-389.5,-63.0
-388.5,-63.0
-387.5,-63.0
-386.5,-64.0
-385.5,-64.0
-384.5,-64.0
-383.5,-65.0
-382.5,-65.0
-381.5,-65.0
-380.5,-65.0
-379.5,-65.0
-378.5,-66.0
-377.5,-66.0
-376.5,-66.0
-375.5,-67.0
-374.5,-67.0
-373.5,-68.0
-372.5,-68.0
-371.5,-68.0
-370.5,-68.0
-369.5,-68.0
-368.5,-68.0
-367.5,-69.0
-366.5,-70.0
-365.5,-70.0
-364.5,-70.0
-363.5,-70.0
-362.5,-70.0
-361.5,-71.0
-360.5,-71.0
-359.5,-71.0
-358.5,-71.0
-357.5,-72.0
-356.5,-72.0
-355.5,-72.0
-354.5,-73.0
-353.5,-73.0
-352.5,-73.0
-351.5,-73.0
-350.5,-73.0
-349.5,-74.0
-348.5,-74.0
-347.5,-74.0
-346.5,-75.0
-345.5,-75.0
-344.5,-76.0
-343.5,-76.0
-342.5,-76.0
-341.5,-76.0
-340.5,-76.0
-339.5,-76.0
-338.5,-77.0
-337.5,-77.0
-336.5,-78.0
-335.5,-78.0
-334.5,-78.0
-333.5,-78.0
-332.5,-79.0
-331.5,-79.0
-330.5,-79.0
-329.5,-79.0
-328.5,-80.0
-327.5,-80.0
-326.5,-81.0
-325.5,-81.0
-324.5,-81.0
-323.5,-81.0
-322.5,-82.0
-321.5,-82.0
-320.5,-82.0
-319.5,-82.0
-328.5,-98.0
-329.5,-98.0
-330.5,-97.0
-331.5,-96.0
-332.5,-96.0
-333.5,-95.0
-334.5,-94.0
-335.5,-94.0
-336.5,-93.0
-337.5,-93.0
-338.5,-92.0
-339.5,-92.0
-340.5,-91.0
-341.5,-91.0
-342.5,-91.0
-343.5,-90.0
-344.5,-90.0
-345.5,-90.0
-346.5,-89.0
-347.5,-89.0
-348.5,-89.0
-349.5,-89.0
-350.5,-88.0
-351.5,-88.0
-352.5,-88.0
-353.5,-88.0
-354.5,-88.0
-355.5,-87.0
-356.5,-87.0
-357.5,-87.0
-358.5,-87.0
-359.5,-87.0
-360.5,-87.0
-361.5,-87.0
-362.5,-87.0
-363.5,-87.0
-364.5,-87.0
-365.5,-87.0
-366.5,-87.0
-367.5,-87.0
-368.5,-87.0
-369.5,-87.0
-370.5,-87.0
-371.5,-87.0
-372.5,-88.0
-373.5,-88.0
-374.5,-88.0
-375.5,-88.0
-376.5,-88.0
-377.5,-88.0
-378.5,-89.0
-379.5,-89.0
-380.5,-89.0
-381.5,-90.0
-382.5,-90.0
-383.5,-90.0
-384.5,-91.0
-385.5,-91.0
-386.5,-91.0
-387.5,-92.0
-388.5,-92.0
-389.5,-93.0
-390.5,-93.0
-391.5,-94.0
-392.5,-94.0
-393.5,-95.0
-394.5,-95.0
-395.5,-96.0
-396.5,-97.0
-397.5,-97.0
-398.5,-98.0
-399.5,-99.0
-400.5,-99.0
-401.5,-100.0
-402.5,-101.0
-403.5,-102.0
-404.5,-103.0
-405.5,-104.0
-406.5,-105.0
-407.5,-106.0
-408.5,-107.0
-409.5,-108.0
-410.5,-109.0
-411.5,-110.0
-411.5,-111.0
-412.5,-112.0
-413.5,-113.0
-413.5,-114.0
-414.5,-115.0
-415.5,-116.0
-415.5,-117.0
-416.5,-118.0
-416.5,-119.0
-417.5,-120.0
-417.5,-121.0
-418.5,-122.0
-418.5,-123.0
-418.5,-124.0
-419.5,-125.0
-419.5,-126.0
-420.5,-127.0
-420.5,-128.0
-420.5,-129.0
-421.5,-130.0
-421.5,-131.0
-421.5,-132.0
-421.5,-133.0
-422.5,-134.0
-422.5,-135.0
-422.5,-136.0
-422.5,-137.0
-422.5,-138.0
-422.5,-139.0
-422.5,-140.0
-423.5,-141.0
-423.5,-142.0
-423.5,-143.0
-423.5,-144.0
-423.5,-145.0
-423.5,-146.0
-423.5,-147.0
-423.5,-148.0
-423.5,-149.0
-423.5,-150.0
-423.5,-151.0
-423.5,-152.0
-422.5,-153.0
-422.5,-154.0
-422.5,-155.0
-422.5,-156.0
-422.5,-157.0
-422.5,-158.0
-422.5,-159.0
-421.5,-160.0
-421.5,-161.0
-421.5,-162.0
-420.5,-163.0
-420.5,-164.0
-420.5,-165.0
-420.5,-166.0
-419.5,-167.0
-419.5,-168.0
-418.5,-169.0
-418.5,-170.0
-418.5,-171.0
-417.5,-172.0
-417.5,-173.0
-416.5,-174.0
-416.5,-175.0
-415.5,-176.0
-415.5,-177.0
-414.5,-178.0
-413.5,-179.0
-413.5,-180.0
-412.5,-181.0
-411.5,-182.0
-411.5,-183.0
-410.5,-184.0
-409.5,-185.0
-408.5,-186.0
-407.5,-187.0
-406.5,-188.0
-405.5,-189.0
-404.5,-190.0
-403.5,-191.0
-402.5,-192.0
-401.5,-193.0
-400.5,-194.0
-399.5,-194.0
-398.5,-195.0
-397.5,-196.0
-396.5,-196.0
-395.5,-197.0
-394.5,-198.0
-393.5,-198.0
-392.5,-199.0
-391.5,-199.0
-390.5,-200.0
-389.5,-200.0
-388.5,-201.0
-387.5,-201.0
-386.5,-202.0
-385.5,-202.0
-384.5,-202.0
-383.5,-203.0
-382.5,-203.0
-381.5,-203.0
-380.5,-204.0
-379.5,-204.0
-378.5,-204.0
-377.5,-204.0
-376.5,-205.0
-375.5,-205.0
-374.5,-205.0
-373.5,-205.0
-372.5,-205.0
-371.5,-206.0
-370.5,-206.0
-369.5,-206.0
-368.5,-206.0
-367.5,-206.0
-366.5,-206.0
-365.5,-206.0
-364.5,-206.0
-363.5,-206.0
-362.5,-206.0
-361.5,-206.0
-360.5,-206.0
-359.5,-206.0
-358.5,-206.0
-357.5,-206.0
-356.5,-206.0
-355.5,-205.0
-354.5,-205.0
-353.5,-205.0
-352.5,-205.0
-351.5,-205.0
-350.5,-205.0
-349.5,-204.0
-348.5,-204.0
-347.5,-204.0
-346.5,-204.0
-345.5,-203.0
-344.5,-203.0
-343.5,-203.0
-342.5,-202.0
-341.5,-202.0
-340.5,-201.0
-339.5,-201.0
-338.5,-201.0
-337.5,-200.0
-336.5,-200.0
-335.5,-199.0
-334.5,-199.0
-333.5,-198.0
-332.5,-197.0
-331.5,-197.0
-330.5,-196.0
-329.5,-195.0
-328.5,-195.0
-327.5,-194.0
-326.5,-193.0
-325.5,-192.0
-324.5,-192.0
-323.5,-191.0
-322.5,-190.0
-321.5,-189.0
-320.5,-188.0
-319.5,-187.0
-318.5,-186.0
-318.5,-185.0
-317.5,-184.0
-316.5,-183.0
-315.5,-182.0
-315.5,-181.0
-314.5,-180.0
-313.5,-179.0
-313.5,-178.0
-312.5,-177.0
-311.5,-176.0
-311.5,-175.0
-310.5,-174.0
-310.5,-173.0
-309.5,-172.0
-309.5,-171.0
-308.5,-170.0
-308.5,-169.0
-308.5,-168.0
-307.5,-167.0
-307.5,-166.0
-307.5,-165.0
-306.5,-164.0
-306.5,-163.0
-306.5,-162.0
-306.5,-161.0
-305.5,-160.0
-305.5,-159.0
-305.5,-158.0
-305.5,-157.0
-304.5,-156.0
-304.5,-155.0
-304.5,-154.0
-304.5,-153.0
-304.5,-152.0
-304.5,-151.0
-304.5,-150.0
-304.5,-149.0
-304.5,-148.0
-304.5,-147.0
-304.5,-146.0
-304.5,-145.0
-304.5,-144.0
-304.5,-143.0
-304.5,-142.0
-304.5,-141.0
-304.5,-140.0
-304.5,-139.0
-304.5,-138.0
-304.5,-137.0
-305.5,-136.0
-305.5,-135.0
-305.5,-134.0
-305.5,-133.0
-306.5,-132.0
-306.5,-131.0
-306.5,-130.0
-306.5,-129.0
-307.5,-128.0
-307.5,-127.0
-307.5,-126.0
-308.5,-125.0
-308.5,-124.0
-308.5,-123.0
-309.5,-122.0
-309.5,-121.0
-310.5,-120.0
-310.5,-119.0
-311.5,-118.0
-311.5,-117.0
-312.5,-116.0
-313.5,-115.0
-313.5,-114.0
-314.5,-113.0
-315.5,-112.0
-315.5,-111.0
-316.5,-110.0
-317.5,-109.0
-318.5,-108.0
-318.5,-107.0
-319.5,-106.0
-320.5,-105.0
-321.5,-104.0
-322.5,-103.0
-323.5,-102.0
-324.5,-101.0
-325.5,-101.0
-326.5,-100.0
-327.5,-99.0
-318.5,-83.0
-317.5,-83.0
-317.5,-82.0
-317.5,-81.0
-317.5,-80.0
-317.5,-79.0
-317.5,-78.0
-317.5,-77.0
-317.5,-76.0
-317.5,-75.0
-317.5,-74.0
-317.5,-73.0
-317.5,-72.0
-317.5,-71.0
-317.5,-70.0
-317.5,-69.0
-317.5,-68.0
-317.5,-67.0
-317.5,-66.0
-317.5,-65.0
-317.5,-64.0
-317.5,-63.0
-317.5,-62.0
-317.5,-61.0
-317.5,-60.0
-317.5,-59.0
-317.5,-58.0
-317.5,-57.0
-317.5,-56.0
-317.5,-55.0
-317.5,-54.0
-317.5,-53.0
-317.5,-52.0
-317.5,-51.0
-317.5,-50.0
-317.5,-49.0
-317.5,-48.0
-317.5,-47.0
-317.5,-46.0
-317.5,-45.0
-317.5,-44.0
-317.5,-43.0
-317.5,-42.0
-317.5,-41.0
-317.5,-40.0
-317.5,-39.0
-317.5,-38.0
-317.5,-37.0
-317.5,-36.0
-317.5,-35.0
-317.5,-34.0
-317.5,-33.0
-317.5,-32.0
-317.5,-31.0
-317.5,-30.0
-317.5,-29.0
-317.5,-28.0
-317.5,-27.0
-317.5,-26.0
-317.5,-25.0
-317.5,-24.0
-317.5,-23.0
-317.5,-22.0
-317.5,-21.0
-317.5,-20.0
-317.5,-19.0
-317.5,-18.0
-317.5,-17.0
-317.5,-16.0
-317.5,-15.0
-317.5,-14.0
-317.5,-13.0
-317.5,-12.0
-317.5,-11.0
-317.5,-10.0
-317.5,-9.0
-317.5,-8.0
-317.5,-7.0
-317.5,-6.0
-317.5,-5.0
-317.5,-4.0
-317.5,-3.0
-317.5,-2.0
-317.5,-1.0
-317.5,-0.0
-317.5,1.0
-317.5,2.0
-317.5,3.0
-317.5,4.0
-317.5,5.0
-317.5,6.0
-317.5,7.0
-317.5,8.0
-317.5,9.0
-317.5,10.0
-317.5,11.0
-317.5,12.0
-317.5,13.0
-317.5,14.0
-317.5,15.0
-317.5,16.0
-317.5,17.0
-317.5,18.0
-317.5,19.0
-317.5,20.0
-317.5,21.0
-317.5,22.0
-317.5,23.0
-317.5,24.0
-317.5,25.0
-317.5,26.0
-317.5,27.0
-317.5,28.0
-317.5,29.0
-317.5,30.0
-317.5,31.0
-317.5,32.0
-317.5,33.0
-317.5,34.0
-317.5,35.0
-317.5,36.0
-276.5,36.0
-276.5,35.0
-276.5,34.0
-276.5,33.0
-276.5,32.0
-276.5,31.0
-276.5,30.0
-276.5,29.0
-276.5,28.0
-276.5,27.0
-276.5,26.0
-276.5,25.0
-276.5,24.0
-276.5,23.0
-276.5,22.0
-276.5,21.0
-276.5,20.0
-276.5,19.0
-276.5,18.0
-276.5,17.0
-276.5,16.0
-276.5,15.0
-276.5,14.0
-276.5,13.0
-276.5,12.0
-276.5,11.0
-276.5,10.0
-276.5,9.0
-276.5,8.0
-276.5,7.0
-276.5,6.0
-276.5,5.0
-276.5,4.0
-276.5,3.0
-276.5,2.0
-276.5,1.0
-276.5,0.0
-276.5,-1.0
-276.5,-2.0
-276.5,-3.0
-276.5,-4.0
-276.5,-5.0
-276.5,-6.0
-276.5,-7.0
-276.5,-8.0
-276.5,-9.0
-276.5,-10.0
-276.5,-11.0
-276.5,-12.0
-276.5,-13.0
-276.5,-14.0
-276.5,-15.0
-276.5,-16.0
-276.5,-17.0
-276.5,-18.0
-276.5,-19.0
-276.5,-20.0
-276.5,-21.0
-276.5,-22.0
-276.5,-23.0
-276.5,-24.0
-276.5,-25.0
-276.5,-26.0
-276.5,-27.0
-276.5,-28.0
-276.5,-29.0
-276.5,-30.0
-276.5,-31.0
-276.5,-32.0
-276.5,-33.0
-276.5,-34.0
-276.5,-35.0
-276.5,-36.0
-276.5,-37.0
-276.5,-38.0
-276.5,-39.0
-276.5,-40.0
-276.5,-41.0
-276.5,-42.0
-276.5,-43.0
-276.5,-44.0
-276.5,-45.0
-276.5,-46.0
-276.5,-47.0
-276.5,-48.0
-276.5,-49.0
-276.5,-50.0
-276.5,-51.0
-276.5,-52.0
-276.5,-53.0
-276.5,-54.0
-276.5,-55.0
-276.5,-56.0
-276.5,-57.0
-276.5,-58.0
-276.5,-59.0
-276.5,-60.0
-276.5,-61.0
-276.5,-62.0
-276.5,-63.0
-276.5,-64.0
-276.5,-65.0
-276.5,-66.0
-276.5,-67.0
-276.5,-68.0
-276.5,-69.0
-276.5,-70.0
-276.5,-71.0
-276.5,-72.0
-276.5,-73.0
-276.5,-74.0
-276.5,-75.0
-275.5,-76.0
-274.5,-76.0
-273.5,-76.0
-272.5,-76.0
-271.5,-76.0
-270.5,-76.0
-269.5,-76.0
-268.5,-76.0
-267.5,-76.0
-266.5,-76.0
-265.5,-76.0
-264.5,-76.0
-263.5,-76.0
-262.5,-76.0
-261.5,-76.0
-260.5,-76.0
-259.5,-76.0
-258.5,-76.0
-257.5,-76.0
-256.5,-76.0
-255.5,-76.0
-254.5,-76.0
-253.5,-76.0
-252.5,-76.0
-251.5,-76.0
-250.5,-76.0
-249.5,-76.0
-248.5,-76.0
-247.5,-76.0
-246.5,-76.0
-245.5,-76.0
-244.5,-76.0
-243.5,-76.0
-242.5,-76.0
-241.5,-76.0
-240.5,-76.0
-239.5,-76.0
-238.5,-76.0
-237.5,-76.0
-236.5,-76.0
-235.5,-76.0
-234.5,-76.0
-233.5,-76.0
-232.5,-76.0
-231.5,-76.0
-230.5,-76.0
-229.5,-76.0
-228.5,-76.0
-227.5,-76.0
-226.5,-76.0
-225.5,-76.0
-224.5,-76.0
-223.5,-76.0
-222.5,-76.0
-221.5,-76.0
-220.5,-76.0
-219.5,-76.0
-218.5,-76.0
-217.5,-76.0
-216.5,-76.0
-215.5,-76.0
-214.5,-76.0
-213.5,-76.0
-212.5,-76.0
-211.5,-76.0
-210.5,-76.0
-209.5,-76.0
-208.5,-76.0
-207.5,-76.0
-206.5,-76.0
-205.5,-76.0
-204.5,-76.0
-203.5,-76.0
-202.5,-76.0
-201.5,-76.0
-200.5,-76.0
-199.5,-76.0
-198.5,-76.0
-197.5,-76.0
-196.5,-76.0
-195.5,-76.0
-194.5,-76.0
-193.5,-76.0
-192.5,-76.0
-191.5,-76.0
-190.5,-76.0
-190.5,-75.0
-190.5,-74.0
-190.5,-73.0
-190.5,-72.0
-190.5,-71.0
-190.5,-70.0
-190.5,-69.0
-190.5,-68.0
-190.5,-67.0
-190.5,-66.0
-190.5,-65.0
-190.5,-64.0
-190.5,-63.0
-190.5,-62.0
-190.5,-61.0
-190.5,-60.0
-190.5,-59.0
-190.5,-58.0
-190.5,-57.0
-190.5,-56.0
-190.5,-55.0
-190.5,-54.0
-190.5,-53.0
-190.5,-52.0
-190.5,-51.0
-190.5,-50.0
-190.5,-49.0
-190.5,-48.0
-190.5,-47.0
-190.5,-46.0
-190.5,-45.0
-190.5,-44.0
-190.5,-43.0
-190.5,-42.0
-190.5,-41.0
-190.5,-40.0
-190.5,-39.0
-190.5,-38.0
-190.5,-37.0
-190.5,-36.0
-190.5,-35.0
-190.5,-34.0
-190.5,-33.0
-190.5,-32.0
-190.5,-31.0
-190.5,-30.0
-190.5,-29.0
-190.5,-28.0
-190.5,-27.0
-190.5,-26.0
-190.5,-25.0
-190.5,-24.0
-190.5,-23.0
-190.5,-22.0
-190.5,-21.0
-190.5,-20.0
-190.5,-19.0
-190.5,-18.0
-190.5,-17.0
-190.5,-16.0
-190.5,-15.0
-190.5,-14.0
-190.5,-13.0
-190.5,-12.0
-190.5,-11.0
-190.5,-10.0
-190.5,-9.0
-190.5,-8.0
-190.5,-7.0
-190.5,-6.0
-190.5,-5.0
-190.5,-4.0
-190.5,-3.0
-190.5,-2.0
-190.5,-1.0
-190.5,-0.0
-190.5,1.0
-190.5,2.0
-190.5,3.0
-190.5,4.0
-190.5,5.0
-190.5,6.0
-190.5,7.0
-190.5,8.0
-190.5,9.0
-190.5,10.0
-190.5,11.0
-190.5,12.0
-190.5,13.0
-190.5,14.0
-190.5,15.0
-190.5,16.0
-190.5,17.0
-190.5,18.0
-190.5,19.0
-190.5,20.0
-190.5,21.0
-190.5,22.0
-190.5,23.0
-190.5,24.0
-190.5,25.0
-190.5,26.0
-190.5,27.0
-190.5,28.0
-190.5,29.0
-190.5,30.0
-190.5,31.0
-190.5,32.0
-190.5,33.0
-190.5,34.0
-190.5,35.0
-190.5,36.0
-190.5,37.0
-190.5,38.0
-190.5,39.0
-190.5,40.0
-190.5,41.0
-190.5,42.0
-190.5,43.0
-190.5,44.0
-190.5,45.0
-190.5,46.0
-190.5,47.0
-190.5,48.0
-190.5,49.0
-190.5,50.0
-190.5,51.0
-190.5,52.0
-190.5,53.0
-190.5,54.0
-190.5,55.0
-190.5,56.0
-190.5,57.0
-190.5,58.0
-190.5,59.0
-190.5,60.0
-190.5,61.0
-190.5,62.0
-190.5,63.0
-190.5,64.0
-190.5,65.0
-190.5,66.0
-190.5,67.0
-190.5,68.0
-190.5,69.0
-190.5,70.0
-190.5,71.0
-190.5,72.0
-190.5,73.0
-190.5,74.0
-190.5,75.0
-190.5,76.0
-190.5,77.0
-190.5,78.0
-190.5,79.0
-190.5,80.0
-190.5,81.0
-190.5,82.0
-190.5,83.0
-190.5,84.0
-190.5,85.0
-190.5,86.0
-190.5,87.0
-190.5,88.0
-190.5,89.0
-190.5,90.0
-190.5,91.0
-190.5,92.0
-190.5,93.0
-190.5,94.0
-190.5,95.0
-190.5,96.0
-190.5,97.0
-190.5,98.0
-190.5,99.0
-190.5,100.0
-190.5,101.0
-190.5,102.0
-190.5,103.0
-190.5,104.0
-190.5,105.0
-190.5,106.0
-190.5,107.0
-190.5,108.0
-190.5,109.0
-190.5,110.0
-190.5,111.0
-190.5,112.0
-190.5,113.0
-190.5,114.0
-190.5,115.0
-190.5,116.0
-190.5,117.0
-190.5,118.0
-190.5,119.0
-190.5,120.0
-190.5,121.0
-190.5,122.0
-190.5,123.0
-190.5,124.0
-190.5,125.0
-190.5,126.0
-190.5,127.0
-189.5,128.0
-190.5,129.0
-189.5,130.0
-190.5,131.0
-189.5,132.0
-189.5,133.0
-189.5,134.0
-189.5,135.0
-188.5,136.0
-188.5,137.0
-187.5,138.0
-187.5,139.0
-187.5,140.0
-186.5,141.0
-186.5,142.0
-185.5,143.0
-185.5,144.0
-185.5,145.0
-184.5,146.0
-183.5,146.0
-183.5,147.0
-182.5,148.0
-181.5,149.0
-181.5,150.0
-180.5,151.0
-179.5,152.0
-178.5,153.0
-177.5,153.0
-176.5,154.0
-175.5,155.0
-174.5,156.0
-173.5,156.0
-173.5,157.0
-172.5,158.0
-171.5,158.0
-170.5,159.0
-169.5,159.0
-168.5,160.0
-167.5,161.0
-166.5,161.0
-165.5,161.0
-165.5,162.0
-164.5,163.0
-163.5,163.0
-162.5,163.0
-161.5,163.0
-160.5,164.0
-159.5,163.0
-158.5,164.0
-157.5,164.0
-156.5,164.0
-155.5,165.0
-154.5,165.0
-153.5,165.0
-152.5,165.0
-151.5,165.0
-150.5,165.0
-149.5,165.0
-148.5,165.0
-147.5,165.0
-146.5,165.0
-145.5,165.0
-144.5,165.0
-143.5,165.0
-142.5,165.0
-141.5,164.0
-140.5,164.0
-139.5,164.0
-138.5,163.0
-137.5,163.0
-136.5,162.0
-135.5,162.0
-134.5,161.0
-133.5,160.0
-132.5,160.0
-131.5,159.0
-130.5,158.0
-129.5,158.0
-128.5,157.0
-127.5,156.0
-126.5,155.0
-125.5,155.0
-124.5,155.0
-123.5,154.0
-123.5,153.0
-122.5,153.0
-121.5,152.0
-121.5,151.0
-120.5,151.0
-119.5,150.0
-118.5,149.0
-117.5,148.0
-116.5,147.0
-115.5,146.0
-114.5,145.0
-113.5,144.0
-112.5,143.0
-112.5,142.0
-111.5,142.0
-110.5,141.0
-110.5,140.0
-109.5,139.0
-108.5,138.0
-107.5,137.0
-107.5,136.0
-106.5,136.0
-105.5,135.0
-105.5,134.0
-104.5,133.0
-103.5,132.0
-103.5,131.0
-102.5,131.0
-101.5,130.0
-102.5,129.0
-102.5,128.0
-102.5,127.0
-102.5,126.0
-102.5,125.0
-102.5,124.0
-102.5,123.0
-102.5,122.0
-102.5,121.0
-102.5,120.0
-102.5,119.0
-102.5,118.0
-102.5,117.0
-102.5,116.0
-102.5,115.0
-102.5,114.0
-102.5,113.0
-102.5,112.0
-102.5,111.0
-102.5,110.0
-102.5,109.0
-102.5,108.0
-102.5,107.0
-102.5,106.0
-102.5,105.0
-102.5,104.0
-102.5,103.0
-102.5,102.0
-102.5,101.0
-102.5,100.0
-102.5,99.0
-102.5,98.0
-102.5,97.0
-102.5,96.0
-102.5,95.0
-102.5,94.0
-102.5,93.0
-102.5,92.0
-102.5,91.0
-102.5,90.0
-102.5,89.0
-102.5,88.0
-102.5,87.0
-102.5,86.0
-102.5,85.0
-102.5,84.0
-102.5,83.0
-102.5,82.0
-102.5,81.0
-102.5,80.0
-102.5,79.0
-102.5,78.0
-102.5,77.0
-102.5,76.0
-102.5,75.0
-102.5,74.0
-102.5,73.0
-102.5,72.0
-102.5,71.0
-102.5,70.0
-102.5,69.0
-102.5,68.0
-102.5,67.0
-102.5,66.0
-102.5,65.0
-102.5,64.0
-102.5,63.0
-102.5,62.0
-102.5,61.0
-102.5,60.0
-102.5,59.0
-102.5,58.0
-102.5,57.0
-102.5,56.0
-102.5,55.0
-102.5,54.0
-102.5,53.0
-102.5,52.0
-102.5,51.0
-102.5,50.0
-102.5,49.0
-102.5,48.0
-102.5,47.0
-102.5,46.0
-102.5,45.0
-102.5,44.0
-102.5,43.0
-102.5,42.0
-102.5,41.0
-102.5,40.0
-102.5,39.0
-102.5,38.0
-102.5,37.0
-102.5,36.0
-102.5,35.0
-102.5,34.0
-102.5,33.0
-102.5,32.0
-102.5,31.0
-102.5,30.0
-102.5,29.0
-102.5,28.0
-102.5,27.0
-102.5,26.0
-102.5,25.0
-102.5,24.0
-102.5,23.0
-102.5,22.0
-102.5,21.0
-102.5,20.0
-102.5,19.0
-102.5,18.0
-102.5,17.0
-102.5,16.0
-102.5,15.0
-102.5,14.0
-102.5,13.0
-102.5,12.0
-102.5,11.0
-102.5,10.0
-102.5,9.0
-102.5,8.0
-102.5,7.0
-102.5,6.0
-102.5,5.0
-102.5,4.0
-102.5,3.0
-102.5,2.0
-102.5,1.0
-102.5,0.0
-102.5,-1.0
-102.5,-2.0
-102.5,-3.0
-102.5,-4.0
-102.5,-5.0
-102.5,-6.0
-102.5,-7.0
-102.5,-8.0
-102.5,-9.0
-102.5,-10.0
-102.5,-11.0
-102.5,-12.0
-102.5,-13.0
-102.5,-14.0
-102.5,-15.0
-102.5,-16.0
-102.5,-17.0
-102.5,-18.0
-102.5,-19.0
-102.5,-20.0
-102.5,-21.0
-102.5,-22.0
-102.5,-23.0
-102.5,-24.0
-102.5,-25.0
-102.5,-26.0
-102.5,-27.0
-102.5,-28.0
-102.5,-29.0
-102.5,-30.0
-102.5,-31.0
-102.5,-32.0
-102.5,-33.0
-102.5,-34.0
-102.5,-35.0
-102.5,-36.0
-102.5,-37.0
-102.5,-38.0
-102.5,-39.0
-102.5,-40.0
-102.5,-41.0
-102.5,-42.0
-102.5,-43.0
-102.5,-44.0
-102.5,-45.0
-102.5,-46.0
-102.5,-47.0
-102.5,-48.0
-102.5,-49.0
-102.5,-50.0
-102.5,-51.0
-102.5,-52.0
-102.5,-53.0
-102.5,-54.0
-102.5,-55.0
-102.5,-56.0
-102.5,-57.0
-102.5,-58.0
-102.5,-59.0
-102.5,-60.0
-102.5,-61.0
-102.5,-62.0
-102.5,-63.0
-102.5,-64.0
-102.5,-65.0
-102.5,-66.0
-102.5,-67.0
-102.5,-68.0
-102.5,-69.0
-102.5,-70.0
-102.5,-71.0
-102.5,-72.0
-102.5,-73.0
-102.5,-74.0
-102.5,-75.0
-102.5,-76.0
-101.5,-76.0
-100.5,-76.0
-99.5,-76.0
-98.5,-76.0
-97.5,-76.0
-96.5,-76.0
-95.5,-76.0
-94.5,-76.0
-93.5,-76.0
-92.5,-76.0
-91.5,-76.0
-90.5,-76.0
-89.5,-76.0
-88.5,-76.0
-87.5,-76.0
-86.5,-76.0
-85.5,-76.0
-84.5,-76.0
-83.5,-76.0
-82.5,-76.0
-81.5,-76.0
-80.5,-76.0
-79.5,-76.0
-78.5,-76.0
-77.5,-76.0
-76.5,-76.0
-75.5,-76.0
-74.5,-76.0
-73.5,-76.0
-72.5,-76.0
-71.5,-76.0
-70.5,-76.0
-69.5,-76.0
-68.5,-76.0
-67.5,-76.0
-66.5,-76.0
-65.5,-76.0
-64.5,-76.0
-63.5,-76.0
-62.5,-76.0
-61.5,-76.0
-60.5,-76.0
-59.5,-76.0
-58.5,-76.0
-57.5,-76.0
-56.5,-76.0
-55.5,-76.0
-54.5,-76.0
-53.5,-76.0
-52.5,-76.0
-51.5,-76.0
-50.5,-76.0
-49.5,-76.0
-48.5,-76.0
-47.5,-76.0
-46.5,-76.0
-45.5,-76.0
-44.5,-76.0
-43.5,-76.0
-42.5,-76.0
-41.5,-76.0
-40.5,-76.0
-39.5,-76.0
-38.5,-76.0
-37.5,-76.0
-36.5,-76.0
-35.5,-76.0
-34.5,-76.0
-33.5,-76.0
-32.5,-76.0
-31.5,-76.0
-30.5,-76.0
-29.5,-76.0
-28.5,-76.0
-27.5,-76.0
-26.5,-76.0
-25.5,-76.0
-24.5,-76.0
-23.5,-76.0
-22.5,-76.0
-21.5,-76.0
-20.5,-76.0
-19.5,-76.0
-18.5,-76.0
-17.5,-76.0
-16.5,-76.0
-15.5,-76.0
-15.5,-75.0
-15.5,-74.0
-15.5,-73.0
-15.5,-72.0
-15.5,-71.0
-15.5,-70.0
-15.5,-69.0
-15.5,-68.0
-15.5,-67.0
-15.5,-66.0
-15.5,-65.0
-15.5,-64.0
-15.5,-63.0
-15.5,-62.0
-15.5,-61.0
-15.5,-60.0
-15.5,-59.0
-15.5,-58.0
-15.5,-57.0
-15.5,-56.0
-15.5,-55.0
-15.5,-54.0
-15.5,-53.0
-15.5,-52.0
-15.5,-51.0
-15.5,-50.0
-15.5,-49.0
-15.5,-48.0
-15.5,-47.0
-15.5,-46.0
-15.5,-45.0
-15.5,-44.0
-15.5,-43.0
-15.5,-42.0
-15.5,-41.0
-15.5,-40.0
-15.5,-39.0
-15.5,-38.0
-15.5,-37.0
-15.5,-36.0
-15.5,-35.0
-15.5,-34.0
-15.5,-33.0
-15.5,-32.0
-15.5,-31.0
-15.5,-30.0
-15.5,-29.0
-15.5,-28.0
-15.5,-27.0
-15.5,-26.0
-15.5,-25.0
-15.5,-24.0
-15.5,-23.0
-15.5,-22.0
-15.5,-21.0
-15.5,-20.0
-15.5,-19.0
-15.5,-18.0
-15.5,-17.0
-15.5,-16.0
-15.5,-15.0
-15.5,-14.0
-15.5,-13.0
-15.5,-12.0
-15.5,-11.0
-15.5,-10.0
-15.5,-9.0
-15.5,-8.0
-15.5,-7.0
-15.5,-6.0
-15.5,-5.0
-15.5,-4.0
-15.5,-3.0
-15.5,-2.0
-15.5,-1.0
-15.5,-0.0
-15.5,1.0
-15.5,2.0
-15.5,3.0
-15.5,4.0
-15.5,5.0
-15.5,6.0
-15.5,7.0
-15.5,8.0
-15.5,9.0
-15.5,10.0
-15.5,11.0
-15.5,12.0
-15.5,13.0
-15.5,14.0
-15.5,15.0
-15.5,16.0
-15.5,17.0
-15.5,18.0
-15.5,19.0
-15.5,20.0
-15.5,21.0
-15.5,22.0
-15.5,23.0
-15.5,24.0
-15.5,25.0
-15.5,26.0
-15.5,27.0
-15.5,28.0
-15.5,29.0
-15.5,30.0
-15.5,31.0
-15.5,32.0
-15.5,33.0
-15.5,34.0
-15.5,35.0
-15.5,36.0
-15.5,37.0
-15.5,38.0
-15.5,39.0
-15.5,40.0
-15.5,41.0
-15.5,42.0
-15.5,43.0
-15.5,44.0
-15.5,45.0
-15.5,46.0
-15.5,47.0
-15.5,48.0
-15.5,49.0
-15.5,50.0
-15.5,51.0
-15.5,52.0
-15.5,53.0
-15.5,54.0
-15.5,55.0
-15.5,56.0
-15.5,57.0
-15.5,58.0
-15.5,59.0
-15.5,60.0
-15.5,61.0
-15.5,62.0
-15.5,63.0
-15.5,64.0
-15.5,65.0
-15.5,66.0
-15.5,67.0
-15.5,68.0
-15.5,69.0
-15.5,70.0
-15.5,71.0
-15.5,72.0
-15.5,73.0
-15.5,74.0
-15.5,75.0
-15.5,76.0
-15.5,77.0
-15.5,78.0
-15.5,79.0
-15.5,80.0
-15.5,81.0
-15.5,82.0
-15.5,83.0
-15.5,84.0
-15.5,85.0
-15.5,86.0
-15.5,87.0
-15.5,88.0
-15.5,89.0
-15.5,90.0
-15.5,91.0
-15.5,92.0
-15.5,93.0
-15.5,94.0
-15.5,95.0
-15.5,96.0
-15.5,97.0
-15.5,98.0
-15.5,99.0
-15.5,100.0
-15.5,101.0
-15.5,102.0
-15.5,103.0
-15.5,104.0
-15.5,105.0
-15.5,106.0
-15.5,107.0
-15.5,108.0
-15.5,109.0
-15.5,110.0
-15.5,111.0
-15.5,112.0
-15.5,113.0
-15.5,114.0
-15.5,115.0
-15.5,116.0
-15.5,117.0
-15.5,118.0
-15.5,119.0
-15.5,120.0
-15.5,121.0
-15.5,122.0
-15.5,123.0
-15.5,124.0
-15.5,125.0
-15.5,126.0
-15.5,127.0
-15.5,128.0
-15.5,129.0
-15.5,130.0
-15.5,131.0
-15.5,132.0
-15.5,133.0
-15.5,134.0
-15.5,135.0
-15.5,136.0
-15.5,137.0
-15.5,138.0
-15.5,139.0
-15.5,140.0
-15.5,141.0
-15.5,142.0
-15.5,143.0
-15.5,144.0
-15.5,145.0
-15.5,146.0
-15.5,147.0
-15.5,148.0
-15.5,149.0
-15.5,150.0
-15.5,151.0
-15.5,152.0
-15.5,153.0
-15.5,154.0
-15.5,155.0
-15.5,156.0
-15.5,157.0
-15.5,158.0
-15.5,159.0
-15.5,160.0
-15.5,161.0
-15.5,162.0
-15.5,163.0
-15.5,164.0
-15.5,165.0
-15.5,166.0
-15.5,167.0
-15.5,168.0
-15.5,169.0
-15.5,170.0
-15.5,171.0
-15.5,172.0
-15.5,173.0
-15.5,174.0
-15.5,175.0
-15.5,176.0
24.5,177.0
24.5,176.0
24.5,175.0
24.5,174.0
24.5,173.0
24.5,172.0
24.5,171.0
24.5,170.0
24.5,169.0
24.5,168.0
24.5,167.0
24.5,166.0
24.5,165.0
24.5,164.0
24.5,163.0
24.5,162.0
24.5,161.0
24.5,160.0
24.5,159.0
24.5,158.0
24.5,157.0
24.5,156.0
24.5,155.0
24.5,154.0
24.5,153.0
24.5,152.0
24.5,151.0
24.5,150.0
24.5,149.0
24.5,148.0
24.5,147.0
24.5,146.0
24.5,145.0
24.5,144.0
24.5,143.0
24.5,142.0
24.5,141.0
24.5,140.0
24.5,139.0
24.5,138.0
24.5,137.0
24.5,136.0
24.5,135.0
24.5,134.0
24.5,133.0
24.5,132.0
24.5,131.0
24.5,130.0
24.5,129.0
24.5,128.0
24.5,127.0
24.5,126.0
24.5,125.0
24.5,124.0
24.5,123.0
24.5,122.0
24.5,121.0
24.5,120.0
24.5,119.0
24.5,118.0
24.5,117.0
24.5,116.0
24.5,115.0
24.5,114.0
24.5,113.0
24.5,112.0
24.5,111.0
24.5,110.0
24.5,109.0
24.5,108.0
24.5,107.0
24.5,106.0
24.5,105.0
24.5,104.0
24.5,103.0
24.5,102.0
24.5,101.0
24.5,100.0
24.5,99.0
24.5,98.0
24.5,97.0
24.5,96.0
24.5,95.0
24.5,94.0
24.5,93.0
24.5,92.0
24.5,91.0
24.5,90.0
24.5,89.0
24.5,88.0
24.5,87.0
24.5,86.0
24.5,85.0
24.5,84.0
24.5,83.0
24.5,82.0
24.5,81.0
24.5,80.0
24.5,79.0
24.5,78.0
24.5,77.0
24.5,76.0
24.5,75.0
24.5,74.0
24.5,73.0
24.5,72.0
24.5,71.0
24.5,70.0
24.5,69.0
24.5,68.0
24.5,67.0
24.5,66.0
24.5,65.0
24.5,64.0
24.5,63.0
24.5,62.0
24.5,61.0
24.5,60.0
24.5,59.0
24.5,58.0
24.5,57.0
24.5,56.0
24.5,55.0
24.5,54.0
24.5,53.0
24.5,52.0
24.5,51.0
24.5,50.0
24.5,49.0
24.5,48.0
24.5,47.0
24.5,46.0
24.5,45.0
24.5,44.0
24.5,43.0
24.5,42.0
24.5,41.0
24.5,40.0
24.5,39.0
24.5,38.0
24.5,37.0
24.5,36.0
24.5,35.0
24.5,34.0
24.5,33.0
24.5,32.0
24.5,31.0
24.5,30.0
24.5,29.0
24.5,28.0
24.5,27.0
24.5,26.0
24.5,25.0
24.5,24.0
24.5,23.0
24.5,22.0
24.5,21.0
24.5,20.0
24.5,19.0
24.5,18.0
24.5,17.0
24.5,16.0
24.5,15.0
24.5,14.0
24.5,13.0
24.5,12.0
24.5,11.0
24.5,10.0
24.5,9.0
24.5,8.0
24.5,7.0
24.5,6.0
24.5,5.0
24.5,4.0
24.5,3.0
24.5,2.0
24.5,1.0
24.5,-0.0
24.5,-1.0
24.5,-2.0
24.5,-3.0
24.5,-4.0
24.5,-5.0
24.5,-6.0
24.5,-7.0
24.5,-8.0
24.5,-9.0
24.5,-10.0
24.5,-11.0
24.5,-12.0
24.5,-13.0
24.5,-14.0
24.5,-15.0
24.5,-16.0
24.5,-17.0
24.5,-18.0
24.5,-19.0
24.5,-20.0
24.5,-21.0
24.5,-22.0
24.5,-23.0
24.5,-24.0
24.5,-25.0
24.5,-26.0
24.5,-27.0
24.5,-28.0
24.5,-29.0
24.5,-30.0
24.5,-31.0
24.5,-32.0
24.5,-33.0
24.5,-34.0
24.5,-35.0
24.5,-36.0
24.5,-37.0
24.5,-38.0
24.5,-39.0
24.5,-40.0
24.5,-41.0
24.5,-42.0
24.5,-43.0
24.5,-44.0
24.5,-45.0
24.5,-46.0
24.5,-47.0
24.5,-48.0
24.5,-49.0
24.5,-50.0
24.5,-51.0
24.5,-52.0
24.5,-53.0
24.5,-54.0
24.5,-55.0
24.5,-56.0
24.5,-57.0
24.5,-58.0
24.5,-59.0
24.5,-60.0
24.5,-61.0
24.5,-62.0
24.5,-63.0
24.5,-64.0
24.5,-65.0
24.5,-66.0
24.5,-67.0
24.5,-68.0
24.5,-69.0
24.5,-70.0
24.5,-71.0
24.5,-72.0
24.5,-73.0
24.5,-74.0
24.5,-75.0
24.5,-76.0
24.5,-77.0
24.5,-78.0
24.5,-79.0
24.5,-80.0
24.5,-81.0
24.5,-82.0
24.5,-83.0
24.5,-84.0
24.5,-85.0
24.5,-86.0
24.5,-87.0
24.5,-88.0
24.5,-89.0
24.5,-90.0
24.5,-91.0
24.5,-92.0
24.5,-93.0
24.5,-94.0
24.5,-95.0
24.5,-96.0
24.5,-97.0
24.5,-98.0
24.5,-99.0
24.5,-100.0
24.5,-101.0
24.5,-102.0
24.5,-103.0
24.5,-104.0
24.5,-105.0
24.5,-106.0
24.5,-107.0
24.5,-108.0
24.5,-109.0
24.5,-110.0
24.5,-111.0
24.5,-112.0
24.5,-113.0
24.5,-114.0
24.5,-115.0
24.5,-116.0
24.5,-117.0
24.5,-118.0
24.5,-119.0
24.5,-120.0
24.5,-121.0
24.5,-122.0
24.5,-123.0
24.5,-124.0
24.5,-125.0
24.5,-126.0
24.5,-127.0
24.5,-128.0
24.5,-129.0
24.5,-130.0
24.5,-131.0
24.5,-132.0
24.5,-133.0
24.5,-134.0
24.5,-135.0
24.5,-136.0
24.5,-137.0
24.5,-138.0
24.5,-139.0
24.5,-140.0
24.5,-141.0
24.5,-142.0
24.5,-143.0
24.5,-144.0
24.5,-145.0
24.5,-146.0
24.5,-147.0
24.5,-148.0
24.5,-149.0
24.5,-150.0
24.5,-151.0
24.5,-152.0
24.5,-153.0
24.5,-154.0
24.5,-155.0
24.5,-156.0
24.5,-157.0
24.5,-158.0
24.5,-159.0
24.5,-160.0
24.5,-161.0
24.5,-162.0
24.5,-163.0
24.5,-164.0
24.5,-165.0
24.5,-166.0
24.5,-167.0
24.5,-168.0
24.5,-169.0
24.5,-170.0
24.5,-171.0
24.5,-172.0
24.5,-173.0
24.5,-174.0
24.5,-175.0
24.5,-176.0
24.5,-177.0
24.5,-178.0
24.5,-179.0
24.5,-180.0
24.5,-181.0
24.5,-182.0
24.5,-183.0
24.5,-184.0
24.5,-185.0
24.5,-186.0
24.5,-187.0
24.5,-188.0
25.5,-189.0
26.5,-189.0
27.5,-189.0
28.5,-190.0
29.5,-190.0
30.5,-190.0
31.5,-190.0
32.5,-191.0
33.5,-191.0
34.5,-191.0
35.5,-192.0
36.5,-192.0
37.5,-192.0
38.5,-192.0
39.5,-192.0
40.5,-193.0
41.5,-193.0
42.5,-193.0
43.5,-194.0
44.5,-194.0
45.5,-195.0
46.5,-195.0
47.5,-195.0
48.5,-195.0
49.5,-195.0
50.5,-195.0
51.5,-196.0
52.5,-197.0
53.5,-197.0
54.5,-197.0
55.5,-197.0
56.5,-197.0
57.5,-198.0
58.5,-198.0
59.5,-198.0
60.5,-198.0
61.5,-199.0
62.5,-199.0
63.5,-199.0
64.5,-200.0
65.5,-200.0
66.5,-200.0
67.5,-200.0
68.5,-200.0
69.5,-201.0
70.5,-201.0
71.5,-201.0
72.5,-202.0
73.5,-202.0
74.5,-203.0
75.5,-203.0
76.5,-203.0
77.5,-203.0
78.5,-203.0
79.5,-203.0
80.5,-204.0
81.5,-204.0
82.5,-205.0
83.5,-205.0
84.5,-205.0
85.5,-205.0
86.5,-206.0
87.5,-206.0
88.5,-206.0
89.5,-206.0
90.5,-207.0
91.5,-207.0
92.5,-208.0
93.5,-208.0
94.5,-208.0
95.5,-208.0
96.5,-209.0
97.5,-209.0
98.5,-209.0
99.5,-209.0
100.5,-209.0
101.5,-210.0
102.5,-210.0
103.5,-210.0
104.5,-211.0
105.5,-211.0
106.5,-211.0
107.5,-211.0
108.5,-211.0
109.5,-212.0
110.5,-212.0
110.5,-211.0
110.5,-210.0
110.5,-209.0
110.5,-208.0
110.5,-207.0
110.5,-206.0
110.5,-205.0
110.5,-204.0
110.5,-203.0
110.5,-202.0
110.5,-201.0
110.5,-200.0
110.5,-199.0
110.5,-198.0
110.5,-197.0
110.5,-196.0
110.5,-195.0
110.5,-194.0
110.5,-193.0
110.5,-192.0
110.5,-191.0
110.5,-190.0
110.5,-189.0
110.5,-188.0
110.5,-187.0
110.5,-186.0
110.5,-185.0
110.5,-184.0
110.5,-183.0
110.5,-182.0
110.5,-181.0
110.5,-180.0
110.5,-179.0
110.5,-178.0
110.5,-177.0
110.5,-176.0
110.5,-175.0
110.5,-174.0
110.5,-173.0
110.5,-172.0
110.5,-171.0
110.5,-170.0
110.5,-169.0
110.5,-168.0
110.5,-167.0
110.5,-166.0
110.5,-165.0
110.5,-164.0
110.5,-163.0
110.5,-162.0
110.5,-161.0
110.5,-160.0
110.5,-159.0
110.5,-158.0
110.5,-157.0
110.5,-156.0
110.5,-155.0
110.5,-154.0
110.5,-153.0
110.5,-152.0
110.5,-151.0
110.5,-150.0
110.5,-149.0
110.5,-148.0
110.5,-147.0
110.5,-146.0
110.5,-145.0
110.5,-144.0
110.5,-143.0
110.5,-142.0
110.5,-141.0
110.5,-140.0
136.5,-140.0
136.5,-141.0
136.5,-142.0
136.5,-143.0
135.5,-144.0
135.5,-145.0
135.5,-146.0
135.5,-147.0
135.5,-148.0
135.5,-149.0
136.5,-150.0
136.5,-151.0
136.5,-152.0
136.5,-153.0
136.5,-154.0
136.5,-155.0
136.5,-156.0
136.5,-157.0
136.5,-158.0
137.5,-159.0
137.5,-160.0
137.5,-161.0
137.5,-162.0
138.5,-163.0
138.5,-164.0
138.5,-165.0
139.5,-166.0
139.5,-167.0
139.5,-168.0
140.5,-169.0
140.5,-170.0
141.5,-171.0
141.5,-172.0
142.5,-173.0
142.5,-174.0
142.5,-175.0
143.5,-176.0
144.5,-177.0
144.5,-178.0
145.5,-179.0
145.5,-180.0
146.5,-181.0
147.5,-182.0
148.5,-183.0
148.5,-184.0
149.5,-185.0
150.5,-186.0
151.5,-187.0
152.5,-188.0
153.5,-189.0
154.5,-190.0
155.5,-191.0
156.5,-192.0
157.5,-193.0
158.5,-193.0
159.5,-194.0
160.5,-195.0
161.5,-196.0
162.5,-196.0
163.5,-197.0
164.5,-198.0
165.5,-198.0
166.5,-199.0
167.5,-199.0
168.5,-200.0
169.5,-200.0
170.5,-201.0
171.5,-201.0
172.5,-202.0
173.5,-202.0
174.5,-202.0
175.5,-203.0
176.5,-203.0
177.5,-203.0
178.5,-204.0
179.5,-204.0
180.5,-204.0
181.5,-204.0
182.5,-205.0
183.5,-205.0
184.5,-205.0
185.5,-205.0
186.5,-205.0
187.5,-205.0
188.5,-206.0
189.5,-206.0
190.5,-206.0
191.5,-206.0
192.5,-206.0
193.5,-206.0
194.5,-206.0
195.5,-206.0
196.5,-206.0
197.5,-206.0
198.5,-206.0
199.5,-206.0
200.5,-206.0
201.5,-206.0
202.5,-206.0
203.5,-205.0
204.5,-205.0
205.5,-205.0
206.5,-205.0
207.5,-205.0
208.5,-205.0
209.5,-204.0
210.5,-204.0
211.5,-204.0
212.5,-204.0
213.5,-203.0
214.5,-203.0
215.5,-203.0
216.5,-202.0
217.5,-202.0
218.5,-202.0
219.5,-201.0
220.5,-201.0
221.5,-200.0
222.5,-200.0
223.5,-199.0
224.5,-199.0
225.5,-198.0
226.5,-197.0
227.5,-197.0
228.5,-196.0
229.5,-196.0
230.5,-195.0
231.5,-194.0
232.5,-193.0
233.5,-193.0
234.5,-192.0
235.5,-191.0
236.5,-190.0
237.5,-189.0
238.5,-188.0
239.5,-187.0
240.5,-186.0
241.5,-185.0
241.5,-184.0
242.5,-183.0
243.5,-182.0
244.5,-181.0
244.5,-180.0
245.5,-179.0
246.5,-178.0
246.5,-177.0
247.5,-176.0
247.5,-175.0
248.5,-173.0
248.5,-174.0
273.5,-211.0
272.5,-211.0
271.5,-211.0
270.5,-211.0
269.5,-211.0
268.5,-211.0
267.5,-211.0
266.5,-211.0
265.5,-211.0
264.5,-211.0
263.5,-211.0
262.5,-211.0
261.5,-211.0
260.5,-211.0
259.5,-211.0
258.5,-211.0
257.5,-212.0
256.5,-212.0
255.5,-212.0
254.5,-212.0
253.5,-212.0
252.5,-213.0
251.5,-213.0
250.5,-213.0
249.5,-213.0
248.5,-214.0
247.5,-214.0
246.5,-214.0
245.5,-215.0
244.5,-215.0
243.5,-216.0
242.5,-216.0
241.5,-216.0
240.5,-217.0
239.5,-217.0
238.5,-218.0
237.5,-218.0
236.5,-219.0
235.5,-220.0
234.5,-220.0
233.5,-221.0
232.5,-222.0
231.5,-222.0
230.5,-223.0
229.5,-224.0
228.5,-225.0
227.5,-226.0
226.5,-226.0
225.5,-227.0
224.5,-228.0
223.5,-229.0
222.5,-230.0
222.5,-231.0
221.5,-232.0
220.5,-233.0
219.5,-234.0
218.5,-235.0
218.5,-236.0
217.5,-237.0
216.5,-238.0
216.5,-239.0
215.5,-240.0
214.5,-241.0
214.5,-242.0
213.5,-243.0
213.5,-244.0
213.5,-245.0
212.5,-246.0
212.5,-247.0
211.5,-248.0
211.5,-249.0
210.5,-250.0
210.5,-251.0
210.5,-252.0
209.5,-253.0
209.5,-254.0
209.5,-255.0
209.5,-256.0
208.5,-257.0
208.5,-258.0
208.5,-259.0
208.5,-260.0
208.5,-261.0
207.5,-262.0
207.5,-263.0
207.5,-264.0
207.5,-265.0
207.5,-266.0
207.5,-267.0
207.5,-268.0
207.5,-269.0
207.5,-270.0
207.5,-271.0
207.5,-272.0
207.5,-273.0
207.5,-274.0
207.5,-275.0
207.5,-276.0
207.5,-277.0
207.5,-278.0
207.5,-279.0
208.5,-280.0
208.5,-281.0
208.5,-282.0
208.5,-283.0
208.5,-284.0
209.5,-285.0
209.5,-286.0
209.5,-287.0
209.5,-288.0
210.5,-289.0
210.5,-290.0
210.5,-291.0
211.5,-292.0
211.5,-293.0
212.5,-294.0
212.5,-295.0
213.5,-296.0
213.5,-297.0
214.5,-298.0
214.5,-299.0
215.5,-300.0
215.5,-301.0
216.5,-302.0
216.5,-303.0
217.5,-304.0
218.5,-305.0
218.5,-306.0
219.5,-307.0
220.5,-308.0
221.5,-309.0
222.5,-310.0
223.5,-311.0
223.5,-312.0
224.5,-313.0
225.5,-314.0
226.5,-314.0
227.5,-315.0
228.5,-316.0
229.5,-317.0
230.5,-318.0
231.5,-319.0
232.5,-319.0
233.5,-320.0
234.5,-321.0
235.5,-321.0
236.5,-322.0
237.5,-322.0
238.5,-323.0
239.5,-323.0
240.5,-324.0
241.5,-324.0
242.5,-325.0
243.5,-325.0
244.5,-326.0
245.5,-326.0
246.5,-326.0
247.5,-327.0
248.5,-327.0
249.5,-327.0
250.5,-328.0
251.5,-328.0
252.5,-328.0
253.5,-329.0
254.5,-329.0
255.5,-329.0
256.5,-329.0
257.5,-329.0
258.5,-329.0
259.5,-330.0
260.5,-330.0
261.5,-330.0
262.5,-330.0
263.5,-330.0
264.5,-330.0
265.5,-330.0
266.5,-330.0
267.5,-330.0
268.5,-330.0
269.5,-330.0
270.5,-330.0
271.5,-330.0
272.5,-330.0
273.5,-330.0
274.5,-330.0
275.5,-329.0
276.5,-329.0
277.5,-329.0
278.5,-329.0
279.5,-329.0
280.5,-328.0
281.5,-328.0
282.5,-328.0
283.5,-328.0
284.5,-327.0
285.5,-327.0
286.5,-327.0
287.5,-326.0
288.5,-326.0
289.5,-326.0
290.5,-325.0
291.5,-325.0
292.5,-324.0
293.5,-324.0
294.5,-323.0
295.5,-323.0
296.5,-322.0
297.5,-322.0
298.5,-321.0
299.5,-321.0
300.5,-320.0
301.5,-319.0
302.5,-318.0
303.5,-318.0
304.5,-317.0
305.5,-316.0
306.5,-315.0
307.5,-314.0
308.5,-313.0
309.5,-313.0
309.5,-312.0
310.5,-311.0
311.5,-310.0
312.5,-309.0
313.5,-308.0
314.5,-307.0
314.5,-306.0
315.5,-305.0
316.5,-304.0
316.5,-303.0
317.5,-302.0
318.5,-301.0
318.5,-300.0
319.5,-299.0
319.5,-298.0
320.5,-297.0
320.5,-296.0
321.5,-295.0
321.5,-294.0
322.5,-293.0
322.5,-292.0
322.5,-291.0
323.5,-290.0
323.5,-289.0
323.5,-288.0
324.5,-287.0
324.5,-286.0
324.5,-285.0
324.5,-284.0
325.5,-283.0
325.5,-282.0
325.5,-281.0
325.5,-280.0
325.5,-279.0
325.5,-278.0
326.5,-277.0
326.5,-276.0
326.5,-275.0
326.5,-274.0
326.5,-273.0
326.5,-272.0
326.5,-271.0
326.5,-270.0
326.5,-269.0
326.5,-268.0
326.5,-267.0
326.5,-266.0
326.5,-265.0
326.5,-264.0
325.5,-263.0
325.5,-262.0
325.5,-261.0
325.5,-260.0
325.5,-259.0
325.5,-258.0
324.5,-257.0
324.5,-256.0
324.5,-255.0
324.5,-254.0
323.5,-253.0
323.5,-252.0
323.5,-251.0
322.5,-250.0
322.5,-249.0
322.5,-248.0
321.5,-247.0
321.5,-246.0
320.5,-245.0
320.5,-244.0
319.5,-243.0
319.5,-242.0
318.5,-241.0
318.5,-240.0
317.5,-239.0
317.5,-238.0
316.5,-237.0
315.5,-236.0
315.5,-235.0
314.5,-234.0
313.5,-233.0
312.5,-232.0
311.5,-231.0
310.5,-230.0
310.5,-229.0
309.5,-228.0
308.5,-227.0
307.5,-227.0
306.5,-226.0
305.5,-225.0
304.5,-224.0
303.5,-223.0
302.5,-222.0
301.5,-222.0
300.5,-221.0
299.5,-220.0
298.5,-220.0
297.5,-219.0
296.5,-219.0
295.5,-218.0
294.5,-217.0
293.5,-217.0
292.5,-217.0
291.5,-216.0
290.5,-216.0
289.5,-215.0
288.5,-215.0
287.5,-214.0
286.5,-214.0
285.5,-214.0
284.5,-213.0
283.5,-213.0
282.5,-213.0
281.5,-213.0
280.5,-212.0
279.5,-212.0
278.5,-212.0
277.5,-212.0
276.5,-212.0
275.5,-212.0
274.5,-211.0
295.5,-188.0
296.5,-189.0
297.5,-190.0
298.5,-191.0
299.5,-192.0
300.5,-193.0
301.5,-193.0
302.5,-194.0
303.5,-195.0
304.5,-196.0
305.5,-196.0
306.5,-197.0
307.5,-197.0
308.5,-198.0
309.5,-199.0
310.5,-199.0
311.5,-200.0
312.5,-200.0
313.5,-201.0
314.5,-201.0
315.5,-202.0
316.5,-202.0
317.5,-202.0
318.5,-203.0
319.5,-203.0
320.5,-203.0
321.5,-204.0
322.5,-204.0
323.5,-204.0
324.5,-204.0
325.5,-205.0
326.5,-205.0
327.5,-205.0
328.5,-205.0
329.5,-205.0
330.5,-205.0
331.5,-206.0
332.5,-206.0
333.5,-206.0
334.5,-206.0
335.5,-206.0
336.5,-206.0
337.5,-206.0
338.5,-206.0
339.5,-206.0
340.5,-206.0
341.5,-206.0
342.5,-206.0
343.5,-206.0
344.5,-206.0
345.5,-206.0
346.5,-205.0
347.5,-205.0
348.5,-205.0
349.5,-205.0
350.5,-205.0
351.5,-205.0
352.5,-204.0
353.5,-204.0
354.5,-204.0
355.5,-204.0
356.5,-203.0
357.5,-203.0
358.5,-203.0
359.5,-202.0
360.5,-202.0
361.5,-202.0
362.5,-201.0
363.5,-201.0
364.5,-200.0
365.5,-200.0
366.5,-199.0
367.5,-199.0
368.5,-198.0
369.5,-197.0
370.5,-197.0
371.5,-196.0
372.5,-196.0
373.5,-195.0
374.5,-194.0
375.5,-193.0
376.5,-193.0
377.5,-192.0
378.5,-191.0
379.5,-190.0
380.5,-189.0
381.5,-188.0
382.5,-187.0
383.5,-186.0
384.5,-185.0
384.5,-184.0
385.5,-183.0
386.5,-182.0
387.5,-181.0
387.5,-180.0
388.5,-179.0
389.5,-178.0
389.5,-177.0
390.5,-176.0
390.5,-175.0
391.5,-174.0
391.5,-173.0
392.5,-172.0
392.5,-171.0
393.5,-170.0
393.5,-169.0
394.5,-168.0
394.5,-167.0
394.5,-166.0
395.5,-165.0
395.5,-164.0
395.5,-163.0
395.5,-162.0
396.5,-161.0
396.5,-160.0
396.5,-159.0
396.5,-158.0
397.5,-157.0
397.5,-156.0
397.5,-155.0
397.5,-154.0
397.5,-153.0
397.5,-152.0
397.5,-151.0
397.5,-150.0
397.5,-149.0
397.5,-148.0
397.5,-147.0
397.5,-146.0
397.5,-145.0
397.5,-144.0
397.5,-143.0
397.5,-142.0
397.5,-141.0
397.5,-140.0
397.5,-139.0
397.5,-138.0
397.5,-137.0
397.5,-136.0
396.5,-135.0
396.5,-134.0
396.5,-133.0
396.5,-132.0
395.5,-131.0
395.5,-130.0
395.5,-129.0
395.5,-128.0
394.5,-127.0
394.5,-126.0
394.5,-125.0
393.5,-124.0
393.5,-123.0
392.5,-122.0
392.5,-121.0
391.5,-120.0
391.5,-119.0
390.5,-118.0
390.5,-117.0
389.5,-116.0
389.5,-115.0
388.5,-114.0
387.5,-113.0
387.5,-112.0
386.5,-111.0
385.5,-110.0
384.5,-109.0
384.5,-108.0
383.5,-107.0
382.5,-106.0
381.5,-105.0
380.5,-104.0
379.5,-103.0
378.5,-102.0
377.5,-101.0
376.5,-100.0
375.5,-100.0
374.5,-99.0
373.5,-98.0
372.5,-97.0
371.5,-97.0
370.5,-96.0
369.5,-95.0
368.5,-95.0
367.5,-94.0
366.5,-94.0
365.5,-93.0
364.5,-93.0
363.5,-92.0
362.5,-92.0
361.5,-91.0
360.5,-91.0
359.5,-91.0
358.5,-90.0
357.5,-90.0
356.5,-90.0
355.5,-89.0
354.5,-89.0
353.5,-89.0
352.5,-89.0
351.5,-88.0
350.5,-88.0
349.5,-88.0
348.5,-88.0
347.5,-88.0
346.5,-87.0
345.5,-87.0
344.5,-87.0
343.5,-87.0
342.5,-87.0
341.5,-87.0
340.5,-87.0
339.5,-87.0
338.5,-87.0
337.5,-87.0
336.5,-87.0
335.5,-87.0
334.5,-87.0
333.5,-87.0
332.5,-87.0
331.5,-87.0
330.5,-87.0
329.5,-88.0
328.5,-88.0
327.5,-88.0
326.5,-88.0
325.5,-88.0
324.5,-89.0
323.5,-89.0
322.5,-89.0
321.5,-89.0
320.5,-90.0
319.5,-90.0
318.5,-90.0
317.5,-91.0
316.5,-91.0
315.5,-91.0
314.5,-92.0
313.5,-92.0
312.5,-93.0
311.5,-93.0
310.5,-94.0
309.5,-94.0
308.5,-95.0
307.5,-95.0
306.5,-96.0
305.5,-97.0
304.5,-97.0
303.5,-98.0
302.5,-99.0
301.5,-100.0
300.5,-100.0
299.5,-101.0
298.5,-102.0
297.5,-103.0
296.5,-104.0
295.5,-105.0
294.5,-106.0
293.5,-107.0
292.5,-108.0
291.5,-109.0
291.5,-110.0
290.5,-111.0
289.5,-112.0
288.5,-113.0
288.5,-114.0
287.5,-115.0
287.5,-116.0
286.5,-117.0
285.5,-118.0
285.5,-119.0
285.5,-120.0
284.5,-121.0
284.5,-122.0
283.5,-123.0
283.5,-124.0
282.5,-125.0
282.5,-126.0
282.5,-127.0
281.5,-128.0
281.5,-129.0
281.5,-130.0
280.5,-131.0
280.5,-132.0
280.5,-133.0
280.5,-134.0
280.5,-135.0
279.5,-136.0
279.5,-137.0
279.5,-138.0
279.5,-139.0
279.5,-140.0
279.5,-141.0
279.5,-142.0
279.5,-143.0
279.5,-144.0
279.5,-145.0
278.5,-146.0
278.5,-147.0
279.5,-148.0
279.5,-149.0
279.5,-150.0
279.5,-151.0
279.5,-152.0
279.5,-153.0
279.5,-154.0
279.5,-155.0
279.5,-156.0
279.5,-157.0
280.5,-158.0
280.5,-159.0
280.5,-160.0
280.5,-161.0
280.5,-162.0
281.5,-163.0
281.5,-164.0
281.5,-165.0
282.5,-166.0
282.5,-167.0
282.5,-168.0
283.5,-169.0
283.5,-170.0
284.5,-171.0
284.5,-172.0
285.5,-173.0
285.5,-174.0
286.5,-175.0
286.5,-176.0
287.5,-177.0
287.5,-178.0
288.5,-179.0
289.5,-180.0
289.5,-181.0
290.5,-182.0
291.5,-183.0
291.5,-184.0
292.5,-185.0
293.5,-186.0
294.5,-187.0
249.5,-172.0
249.5,-171.0
250.5,-170.0
250.5,-169.0
251.5,-168.0
251.5,-167.0
251.5,-166.0
252.5,-165.0
252.5,-164.0
252.5,-163.0
252.5,-162.0
253.5,-161.0
253.5,-160.0
253.5,-159.0
253.5,-158.0
254.5,-157.0
254.5,-156.0
254.5,-155.0
254.5,-154.0
254.5,-153.0
254.5,-152.0
254.5,-151.0
254.5,-150.0
254.5,-149.0
254.5,-148.0
254.5,-147.0
254.5,-146.0
254.5,-145.0
254.5,-144.0
254.5,-143.0
254.5,-142.0
254.5,-141.0
254.5,-140.0
254.5,-139.0
254.5,-138.0
254.5,-137.0
254.5,-136.0
253.5,-135.0
253.5,-134.0
253.5,-133.0
253.5,-132.0
252.5,-131.0
252.5,-130.0
252.5,-129.0
252.5,-128.0
251.5,-127.0
251.5,-126.0
251.5,-125.0
250.5,-124.0
250.5,-123.0
249.5,-122.0
249.5,-121.0
248.5,-120.0
248.5,-119.0
247.5,-118.0
247.5,-117.0
246.5,-116.0
246.5,-115.0
245.5,-114.0
244.5,-113.0
244.5,-112.0
243.5,-111.0
242.5,-110.0
241.5,-109.0
241.5,-108.0
240.5,-107.0
239.5,-106.0
238.5,-105.0
237.5,-104.0
236.5,-103.0
235.5,-102.0
234.5,-101.0
233.5,-100.0
232.5,-100.0
231.5,-99.0
230.5,-98.0
229.5,-97.0
228.5,-97.0
227.5,-96.0
226.5,-96.0
225.5,-95.0
224.5,-94.0
223.5,-94.0
222.5,-93.0
221.5,-93.0
220.5,-92.0
219.5,-92.0
218.5,-91.0
217.5,-91.0
216.5,-91.0
215.5,-90.0
214.5,-90.0
213.5,-90.0
212.5,-89.0
211.5,-89.0
210.5,-89.0
209.5,-89.0
208.5,-88.0
207.5,-88.0
206.5,-88.0
205.5,-88.0
204.5,-88.0
203.5,-87.0
207.5,-72.0
208.5,-72.0
209.5,-72.0
210.5,-72.0
211.5,-73.0
212.5,-73.0
213.5,-73.0
214.5,-74.0
215.5,-74.0
216.5,-75.0
217.5,-75.0
218.5,-75.0
219.5,-75.0
220.5,-75.0
221.5,-75.0
222.5,-76.0
223.5,-77.0
224.5,-77.0
225.5,-77.0
226.5,-77.0
227.5,-77.0
228.5,-78.0
229.5,-78.0
230.5,-78.0
231.5,-78.0
232.5,-79.0
233.5,-79.0
234.5,-79.0
235.5,-80.0
236.5,-80.0
237.5,-80.0
238.5,-80.0
239.5,-80.0
240.5,-81.0
241.5,-81.0
242.5,-81.0
243.5,-81.0
244.5,-82.0
244.5,-81.0
244.5,-80.0
244.5,-79.0
244.5,-78.0
244.5,-77.0
244.5,-76.0
244.5,-75.0
244.5,-74.0
244.5,-73.0
244.5,-72.0
244.5,-71.0
244.5,-70.0
244.5,-69.0
244.5,-68.0
244.5,-67.0
244.5,-66.0
244.5,-65.0
244.5,-64.0
244.5,-63.0
244.5,-62.0
244.5,-61.0
244.5,-60.0
244.5,-59.0
244.5,-58.0
244.5,-57.0
244.5,-56.0
244.5,-55.0
244.5,-54.0
244.5,-53.0
244.5,-52.0
244.5,-51.0
244.5,-50.0
244.5,-49.0
244.5,-48.0
244.5,-47.0
244.5,-46.0
244.5,-45.0
244.5,-44.0
244.5,-43.0
244.5,-42.0
244.5,-41.0
244.5,-40.0
244.5,-39.0
244.5,-38.0
244.5,-37.0
244.5,-36.0
244.5,-35.0
244.5,-34.0
244.5,-33.0
244.5,-32.0
244.5,-31.0
274.5,-31.0
275.5,-31.0
276.5,-32.0
276.5,-33.0
276.5,-34.0
277.5,-35.0
277.5,-36.0
278.5,-36.0
279.5,-37.0
280.5,-38.0
281.5,-39.0
281.5,-40.0
281.5,-41.0
282.5,-42.0
283.5,-42.0
284.5,-43.0
284.5,-44.0
285.5,-44.0
286.5,-45.0
287.5,-46.0
287.5,-47.0
288.5,-48.0
289.5,-48.0
290.5,-49.0
291.5,-50.0
292.5,-50.0
293.5,-51.0
294.5,-52.0
294.5,-53.0
295.5,-53.0
296.5,-54.0
297.5,-54.0
298.5,-55.0
298.5,-56.0
299.5,-56.0
300.5,-57.0
301.5,-57.0
302.5,-57.0
303.5,-58.0
304.5,-59.0
305.5,-59.0
306.5,-60.0
307.5,-61.0
308.5,-61.0
309.5,-61.0
310.5,-62.0
311.5,-62.0
312.5,-63.0
313.5,-64.0
314.5,-64.0
315.5,-65.0
316.5,-65.0
317.5,-65.0
318.5,-66.0
319.5,-67.0
320.5,-67.0
321.5,-67.0
322.5,-68.0
323.5,-68.0
324.5,-68.0
325.5,-69.0
326.5,-69.0
327.5,-70.0
328.5,-70.0
329.5,-70.0
330.5,-71.0
331.5,-70.0
332.5,-71.0
333.5,-71.0
334.5,-71.0
335.5,-72.0
336.5,-72.0
337.5,-72.0
338.5,-73.0
339.5,-73.0
340.5,-73.0
341.5,-73.0
342.5,-74.0
343.5,-74.0
344.5,-75.0
345.5,-75.0
346.5,-75.0
347.5,-75.0
348.5,-75.0
349.5,-76.0
350.5,-76.0
351.5,-75.0
352.5,-76.0
353.5,-76.0
354.5,-77.0
355.5,-77.0
356.5,-77.0
357.5,-77.0
358.5,-77.0
359.5,-78.0
360.5,-78.0
361.5,-78.0
362.5,-78.0
363.5,-78.0
364.5,-78.0
365.5,-78.0
366.5,-79.0
367.5,-79.0
368.5,-78.0
369.5,-79.0
370.5,-79.0
371.5,-78.0
372.5,-79.0
373.5,-79.0
374.5,-80.0
375.5,-80.0
376.5,-79.0
377.5,-79.0
378.5,-80.0
379.5,-80.0
380.5,-80.0
381.5,-79.0
382.5,-80.0
383.5,-80.0
384.5,-79.0
385.5,-80.0
386.5,-80.0
387.5,-80.0
388.5,-80.0
389.5,-80.0
390.5,-80.0
391.5,-80.0
392.5,-80.0
393.5,-80.0
394.5,-80.0
395.5,-80.0
396.5,-80.0
397.5,-80.0
398.5,-80.0
399.5,-80.0
400.5,-80.0
401.5,-80.0
402.5,-80.0
403.5,-80.0
404.5,-80.0
405.5,-80.0
406.5,-80.0
407.5,-80.0
408.5,-80.0
409.5,-80.0
410.5,-80.0
411.5,-80.0
412.5,-80.0
413.5,-79.0
414.5,-80.0
415.5,-79.0
416.5,-79.0
417.5,-80.0
418.5,-79.0
419.5,-79.0
420.5,-79.0
421.5,-79.0
422.5,-79.0
423.5,-79.0
424.5,-78.0
425.5,-78.0
426.5,-78.0
427.5,-78.0
428.5,-78.0
429.5,-78.0
430.5,-78.0
431.5,-78.0
432.5,-78.0
433.5,-78.0
434.5,-77.0
435.5,-77.0
436.5,-77.0
437.5,-76.0
438.5,-76.0
439.5,-76.0
440.5,-76.0
441.5,-76.0
442.5,-76.0
443.5,-76.0
444.5,-75.0
445.5,-75.0
446.5,-75.0
447.5,-75.0
448.5,-75.0
449.5,-74.0
450.5,-74.0
451.5,-73.0
452.5,-74.0
453.5,-73.0
454.5,-72.0
455.5,-73.0
455.5,-72.0
456.5,-71.0
457.5,-72.0
458.5,-72.0
459.5,-71.0
460.5,-71.0
461.5,-70.0
462.5,-70.0
463.5,-70.0
464.5,-69.0
465.5,-68.0
466.5,-68.0
467.5,-68.0
468.5,-67.0
469.5,-66.0
470.5,-67.0
471.5,-66.0
472.5,-66.0
473.5,-65.0
474.5,-65.0
474.5,-64.0
475.5,-63.0
476.5,-64.0
477.5,-63.0
478.5,-63.0
479.5,-62.0
480.5,-61.0
481.5,-61.0
482.5,-60.0
483.5,-59.0
484.5,-59.0
485.5,-58.0
485.5,-57.0
486.5,-56.0
487.5,-57.0
487.5,-56.0
488.5,-55.0
489.5,-54.0
490.5,-53.0
491.5,-53.0
491.5,-52.0
492.5,-51.0
493.5,-51.0
494.5,-50.0
495.5,-49.0
496.5,-48.0
496.5,-47.0
497.5,-46.0
498.5,-45.0
499.5,-44.0
500.5,-43.0
500.5,-42.0
501.5,-41.0
502.5,-40.0
501.5,-39.0
502.5,-38.0
503.5,-38.0
504.5,-37.0
504.5,-36.0
505.5,-35.0
505.5,-34.0
505.5,-33.0
506.5,-32.0
506.5,-31.0
506.5,-30.0
507.5,-29.0
507.5,-28.0
508.5,-27.0
508.5,-26.0
508.5,-25.0
509.5,-24.0
509.5,-23.0
509.5,-22.0
509.5,-21.0
510.5,-20.0
510.5,-19.0
510.5,-18.0
510.5,-17.0
510.5,-16.0
